Workbook
Name Cat1a: #REF!
Name Cat2a: #REF!
Name Cat3a: #REF!
Name Liste_01: #REF!
Name Liste_07: #REF!
Name Liste_08: #REF!
Name Liste_09: #REF!
Name Note: #REF!
Name NoteApp: #REF!
Name NUcode: #REF!
Name Yes: #REF!

Sheet Data
A1: Title: | B1: Start of the academic year in Europe, 2025/2026
A2: Source: | B2: Eurydice
A3: URL: | B3: https://eurydice.eacea.ec.europa.eu/data-and-visuals/european-academic-year
A4: Copyright: | B4: European Commission, 2025
A5: Last update: | B5: 45909
A7: Country | B7: StartofYear_Period | C7: StartofYear_DecisionLevel | D7: StartofYear_Note
A8: Albania | B8: October | C8: Top-level authority
A9: Austria | B9: September/October | C9: Top-level authority | D9: Information on the decision-making level refers to universities (Universitäten) and university colleges of teacher education (Pädagogische Hochschulen). Universities of applied sciences (Fachhochschulen/Hochschulen für Angewandte Wissenschaften) and private higher education institutions have institutional autonomy to decide on the start of the academic year (generally in September or October).
A10: Belgium (Flemish Community) | B10: September | C10: Institutional autonomy | D10: The Higher Education Code specifies that the academic year should start between 1 September and 1 October. No information is available regarding the independent private sector.
A11: Belgium (French Community) | B11: September | C11: Top-level authority | D11: No information is available regarding the independent private sector.
A12: Belgium (German-speaking Community) | B12: September | C12: Top-level authority
A13: Bosnia and Herzegovina | B13: October | C13: Top-level authority
A14: Bulgaria | B14: October | C14: Institutional autonomy | D14: Some private universities start the academic year in September.
A15: Croatia | B15: September/October | C15: Institutional autonomy | D15: The Act on Higher Education and Scientific Activity specifies that the academic year spans between 1 October and 30 September of the following year. Under specific circumstances, some courses may start as early as 1 September.
A16: Cyprus | B16: September | C16: Institutional autonomy | D16: Some private higher education institutions start the academic year in October.
A17: Czechia | B17: September/October | C17: Institutional autonomy
A18: Denmark | B18: September | C18: Institutional autonomy
A19: Estonia | B19: August/September | C19: Institutional autonomy
A20: Finland | B20: August/September | C20: Institutional autonomy | D20: The official start of the academic year is in August, as defined by the top-level authority.
A21: France | B21: September/October | C21: Institutional autonomy
A22: Georgia | B22: September/October | C22: Institutional autonomy
A23: Germany | B23: October | C23: Top-level authority | D23: The decision on the start of the academic year is made by the Länder. For universities of applied sciences (Hochschulen für angewandte Wissenschaften/Fachhochschulen), the academic year typically starts in September.
A24: Greece | B24: September | C24: Institutional autonomy | D24: At ISCED 6, the top-level authority sets the official start of the academic year at 1 September, while institutional higher education institutions determine the start of teaching activities. At ISCED 7, the academic year may start in October or March.
A25: Hungary | B25: September | C25: Institutional autonomy
A26: Iceland | B26: August/September | C26: Institutional autonomy
A27: Ireland | B27: September | C27: Institutional autonomy
A28: Italy | B28: October | C28: Institutional autonomy
A29: Latvia | B29: August/September | C29: Institutional autonomy
A30: Liechtenstein | B30: September | C30: Institutional autonomy | D30: In the private sector the academic year usually starts in October.
A31: Lithuania | B31: September | C31: Institutional autonomy | D31: No information is available regarding the independent private sector.
A32: Luxembourg | B32: September | C32: Top-level authority
A33: Malta | B33: September/October | C33: Institutional autonomy | D33: For private institutions, the start of the academic year happens at different times of the year.
A34: Moldavia | B34: September | C34: Institutional autonomy
A35: Montenegro | B35: September | C35: Top-level authority
A36: Netherelands | B36: September | C36: Institutional autonomy
A37: North Macedonia | B37: September/October | C37: Institutional autonomy
A38: Norway | B38: August | C38: Institutional autonomy
A39: Poland | B39: October | C39: Top-level authority
A40: Portugal | B40: September | C40: Institutional autonomy
A41: Romania | B41: October | C41: Institutional autonomy
A42: Serbia | B42: October | C42: Institutional autonomy | D42: Some higher education institutions will exceptionally start the academic year in November to adjust to the prolongation of the previous academic year (due to socio-political circumstances).
A43: Slovakia | B43: September | C43: Top-level authority | D43: The top-level authority determines the start of the academic year, as well as the dates of autumn and spring semesters. However, the Institutes decide independently on the periods when teaching activities start.
A44: Slovenia | B44: October | C44: Top-level authority
A45: Spain | B45: September | C45: Institutional autonomy | D45: In some autonomous communities, some non-university tertiary programmes start in October. For those, the autonomous community usually decides on the start of the academic year. However, the decision may be delegated to the provincial directorates or the municipalities.
A46: Sweden | B46: August/September | C46: Institutional autonomy
A47: Switzerland | B47: September | C47: Institutional autonomy | D47: No information is available regarding the independent private sector.
A48: Türkiye | B48: September/October | C48: Institutional autonomy
A49: Ukraine | B49: September/October | C49: Institutional autonomy

Sheet Test_Month
A1: Country code: | B1: =IF(LEN(#REF!)>0,#REF!,"") -> #REF! | G1: {=MID(CELL("filename",Test_Month!A1),FIND("]",CELL("filename",Test_Month!A1))+1,255)} -> Test_Month
A3: =mySheeetName -> #NAME?
A4: Beginning and end of school year
A5: Please specify the full name of the region/zone concerned => | B5: North | G5: Please specify the full name of the region/zone concerned => | H5: South
A6: Please specify the ISCED level(s) concerned (dropdown list) => | B6: Please specify | G6: Please specify the ISCED level(s) concerned (dropdown list) => | H6: Please specify
A7: BEGINNING of the school year for STUDENTS
A8: Initial dates may vary | B8: from | G8: Initial dates may vary | H8: from
A9: Beginning of school year | C9: 45474 | G9: Beginning of school year | I9: 45474
A10: Final dates may vary | D10: to | G10: Final dates may vary | J10: to
A11: BEGINNING of the school year for TEACHERS (NOT shown on graph)
A12: Initial dates may vary | B12: from | G12: Initial dates may vary | H12: from
A13: Beginning of school year | G13: Beginning of school year
A14: Final dates may vary | D14: to | G14: Final dates may vary | J14: to
A15: END of the school year for STUDENTS (NOT shown on graph)
A16: Initial dates may vary | B16: from | G16: Initial dates may vary | H16: from
A17: End of school year | C17: 45626 | G17: End of school year | I17: 45626
A18: Final dates may vary | D18: to | G18: Final dates may vary | J18: to
A19: END of the school year for TEACHERS (NOT shown on graph)
A20: Initial dates may vary | B20: from | G20: Initial dates may vary | H20: from
A21: End of school year | G21: End of school year
A22: Final dates may vary | D22: to | G22: Final dates may vary | J22: to | K22: =ADDRESS(ROW(),COLUMN(),4) -> K22
A24: School holiday periods (for students)
B25: =$B$5 -> North | H25: =H5 -> South
B26: =B6 -> Please specify | C26: =C6 -> 0 | D26: =D6 -> 0 | E26: =E6 -> 0 | F26: =F6 -> 0 | H26: =H6 -> Please specify | I26: =I6 -> 0 | J26: =J6 -> 0 | K26: =K6 -> 0
A27: Period 1 | G27: Period 1
A28: Initial dates may vary | B28: from | G28: Initial dates may vary | H28: from
A29: Minimum or fixed number of days | B29: from | C29: 45505 | D29: to | E29: 45505 | G29: Minimum or fixed number of days | H29: from | I29: 45505 | J29: to | K29: 45505
A30: Maximum number of days | B30: from | D30: to | G30: Maximum number of days | H30: from | J30: to
A31: Final dates may vary | D31: to | G31: Final dates may vary | J31: to
A32: Period 2 | B32: =MAX(C28:E31) -> 45505 | G32: Period 2 | H32: =MAX(I28:K31) -> 45505
A33: Initial dates may vary | B33: from | G33: Initial dates may vary | H33: from
A34: Minimum or fixed number of days | B34: from | C34: 45536 | D34: to | E34: 45537 | G34: Minimum or fixed number of days | H34: from | J34: to
A35: Maximum number of days | B35: from | D35: to | G35: Maximum number of days | H35: from | J35: to
A36: Final dates may vary | D36: to | G36: Final dates may vary | J36: to
A37: Period 3 | B37: =MAX(C33:E36) -> 45537 | G37: Period 3 | H37: =MAX(I33:K36) -> 0
A38: Initial dates may vary | B38: from | G38: Initial dates may vary | H38: from
A39: Minimum or fixed number of days | B39: from | C39: 45566 | D39: to | E39: 45567 | G39: Minimum or fixed number of days | H39: from | J39: to
A40: Maximum number of days | B40: from | D40: to | G40: Maximum number of days | H40: from | J40: to
A41: Final dates may vary | D41: to | G41: Final dates may vary | J41: to
A42: Period 4 | B42: =MAX(C38:E41) -> 45567 | G42: Period 4 | H42: =MAX(I38:K41) -> 0
A43: Initial dates may vary | B43: from | G43: Initial dates may vary | H43: from
A44: Minimum or fixed number of days | B44: from | C44: 45597 | D44: to | E44: 45598 | G44: Minimum or fixed number of days | H44: from | J44: to
A45: Maximum number of days | B45: from | D45: to | G45: Maximum number of days | H45: from | J45: to
A46: Final dates may vary | D46: to | G46: Final dates may vary | J46: to
A47: Period 5 | B47: =MAX(C43:E46) -> 45598 | G47: Period 5 | H47: =MAX(I43:K46) -> 0
A48: Initial dates may vary | B48: from | G48: Initial dates may vary | H48: from
A49: Minimum or fixed number of days | B49: from | C49: 45627 | D49: to | E49: 45628 | G49: Minimum or fixed number of days | H49: from | J49: to
A50: Maximum number of days | B50: from | D50: to | G50: Maximum number of days | H50: from | J50: to
A51: Final dates may vary | D51: to | G51: Final dates may vary | J51: to
A52: Period 6 | B52: =MAX(C48:E51) -> 45628 | G52: Period 6 | H52: =MAX(I48:K51) -> 0
A53: Initial dates may vary | B53: from | G53: Initial dates may vary | H53: from
A54: Minimum or fixed number of days | B54: from | C54: 45658 | D54: to | E54: 45659 | G54: Minimum or fixed number of days | H54: from | J54: to
A55: Maximum number of days | B55: from | D55: to | G55: Maximum number of days | H55: from | J55: to
A56: Final dates may vary | D56: to | G56: Final dates may vary | J56: to
A57: Period 7 | B57: =MAX(C53:E56) -> 45659 | G57: Period 7 | H57: =MAX(I53:K56) -> 0
A58: Initial dates may vary | B58: from | G58: Initial dates may vary | H58: from
A59: Minimum or fixed number of days | B59: from | C59: 45689 | D59: to | E59: 45690 | G59: Minimum or fixed number of days | H59: from | J59: to
A60: Maximum number of days | B60: from | D60: to | G60: Maximum number of days | H60: from | J60: to
A61: Final dates may vary | D61: to | G61: Final dates may vary | J61: to
A62: Period 8 | B62: =MAX(C58:E61) -> 45690 | G62: Period 8 | H62: =MAX(I58:K61) -> 0
A63: Initial dates may vary | B63: from | G63: Initial dates may vary | H63: from
A64: Minimum or fixed number of days | B64: from | C64: 45717 | D64: to | E64: 45718 | G64: Minimum or fixed number of days | H64: from | J64: to
A65: Maximum number of days | B65: from | D65: to | G65: Maximum number of days | H65: from | J65: to
A66: Final dates may vary | D66: to | G66: Final dates may vary | J66: to
A67: Period 9 | B67: =MAX(C63:E66) -> 45718 | G67: Period 9 | H67: =MAX(I63:K66) -> 0
A68: Initial dates may vary | B68: from | G68: Initial dates may vary | H68: from
A69: Minimum or fixed number of days | B69: from | C69: 45748 | D69: to | E69: 45749 | G69: Minimum or fixed number of days | H69: from | J69: to
A70: Maximum number of days | B70: from | D70: to | G70: Maximum number of days | H70: from | J70: to
A71: Final dates may vary | D71: to | G71: Final dates may vary | J71: to
A72: Period 10 | B72: =MAX(C68:E71) -> 45749 | G72: Period 10 | H72: =MAX(I68:K71) -> 0
A73: Initial dates may vary | B73: from | G73: Initial dates may vary | H73: from
A74: Minimum or fixed number of days | B74: from | C74: 45778 | D74: to | E74: 45779 | G74: Minimum or fixed number of days | H74: from | J74: to
A75: Maximum number of days | B75: from | D75: to | G75: Maximum number of days | H75: from | J75: to
A76: Final dates may vary | D76: to | G76: Final dates may vary | J76: to
A77: Period 11 | B77: =MAX(C73:E76) -> 45779 | G77: Period 11 | H77: =MAX(I73:K76) -> 0
A78: Initial dates may vary | B78: from | G78: Initial dates may vary | H78: from
A79: Minimum or fixed number of days | B79: from | C79: 45809 | D79: to | E79: 45810 | G79: Minimum or fixed number of days | H79: from | J79: to
A80: Maximum number of days | B80: from | D80: to | G80: Maximum number of days | H80: from | J80: to
A81: Final dates may vary | D81: to | G81: Final dates may vary | J81: to
A82: Period 12 | B82: =MAX(C78:E81) -> 45810 | G82: Period 12 | H82: =MAX(I78:K81) -> 0
A83: Initial dates may vary | B83: from | G83: Initial dates may vary | H83: from
A84: Minimum or fixed number of days | B84: from | C84: 45839 | D84: to | E84: 45840 | G84: Minimum or fixed number of days | H84: from | J84: to
A85: Maximum number of days | B85: from | D85: to | G85: Maximum number of days | H85: from | J85: to
A86: Final dates may vary | D86: to | G86: Final dates may vary | J86: to
A87: Period 13 | B87: =MAX(C83:E86) -> 45840 | G87: Period 13 | H87: =MAX(I83:K86) -> 0
A88: Initial dates may vary | B88: from | G88: Initial dates may vary | H88: from
A89: Minimum or fixed number of days | B89: from | C89: 45870 | D89: to | E89: 45871 | G89: Minimum or fixed number of days | H89: from | J89: to
A90: Maximum number of days | B90: from | D90: to | G90: Maximum number of days | H90: from | J90: to
A91: Final dates may vary | D91: to | G91: Final dates may vary | J91: to
A92: Period 14 | B92: =MAX(C88:E91) -> 45871 | G92: Period 14 | H92: =MAX(I88:K91) -> 0
A93: Initial dates may vary | B93: from | G93: Initial dates may vary | H93: from
A94: Minimum or fixed number of days | B94: from | C94: 45901 | D94: to | E94: 45902 | G94: Minimum or fixed number of days | H94: from | J94: to
A95: Maximum number of days | B95: from | D95: to | G95: Maximum number of days | H95: from | J95: to
A96: Final dates may vary | D96: to | G96: Final dates may vary | J96: to
A97: Period 15 | B97: =MAX(C93:E96) -> 45902 | G97: Period 15 | H97: =MAX(I93:K96) -> 0
A98: Initial dates may vary | B98: from | G98: Initial dates may vary | H98: from
A99: Minimum or fixed number of days | B99: from | C99: 45931 | D99: to | E99: 45932 | G99: Minimum or fixed number of days | H99: from | J99: to
A100: Maximum number of days | B100: from | D100: to | G100: Maximum number of days | H100: from | J100: to
A101: Final dates may vary | D101: to | G101: Final dates may vary | J101: to
A102: Period 16 | B102: =MAX(C98:E101) -> 45932 | G102: Period 16 | H102: =MAX(I98:K101) -> 0
...

Sheet Test_WE
A1: Country code: | B1: =IF(LEN(#REF!)>0,#REF!,"") -> #REF! | G1: {=MID(CELL("filename",Test_WE!A1),FIND("]",CELL("filename",Test_WE!A1))+1,255)} -> Test_WE
A3: =mySheeetName -> #NAME?
A4: Beginning and end of school year
A5: Please specify the full name of the region/zone concerned => | B5: PRIMARY | G5: Please specify the full name of the region/zone concerned => | H5: SECONDARY
A6: Please specify the ISCED level(s) concerned (dropdown list) => | B6: Please specify | G6: Please specify the ISCED level(s) concerned (dropdown list) => | H6: Please specify
A7: BEGINNING of the school year for STUDENTS
A8: Initial dates may vary | B8: from | G8: Initial dates may vary | H8: from
A9: Beginning of school year | C9: 45474 | G9: Beginning of school year | I9: 45474
A10: Final dates may vary | D10: to | G10: Final dates may vary | J10: to
A11: BEGINNING of the school year for TEACHERS (NOT shown on graph)
A12: Initial dates may vary | B12: from | G12: Initial dates may vary | H12: from
A13: Beginning of school year | G13: Beginning of school year
A14: Final dates may vary | D14: to | G14: Final dates may vary | J14: to
A15: END of the school year for STUDENTS (NOT shown on graph)
A16: Initial dates may vary | B16: from | G16: Initial dates may vary | H16: from
A17: End of school year | C17: 45901 | G17: End of school year | I17: 45901
A18: Final dates may vary | D18: to | G18: Final dates may vary | J18: to
A19: END of the school year for TEACHERS (NOT shown on graph)
A20: Initial dates may vary | B20: from | G20: Initial dates may vary | H20: from
A21: End of school year | G21: End of school year
A22: Final dates may vary | D22: to | G22: Final dates may vary | J22: to
A24: School holiday periods (for students)
B25: =$B$5 -> PRIMARY | H25: =H5 -> SECONDARY
B26: =B6 -> Please specify | C26: =C6 -> 0 | D26: =D6 -> 0 | E26: =E6 -> 0 | F26: =F6 -> 0 | H26: =H6 -> Please specify | I26: =I6 -> 0 | J26: =J6 -> 0 | K26: =K6 -> 0
A27: Period 1 | G27: Period 1
A28: Initial dates may vary | B28: from | G28: Initial dates may vary | H28: from
A29: Minimum or fixed number of days | B29: from | C29: 45479 | D29: to | E29: 45480 | G29: Minimum or fixed number of days | H29: from | I29: =E124+6 -> 45619 | J29: to | K29: =I29+1 -> 45620
A30: Maximum number of days | B30: from | D30: to | G30: Maximum number of days | H30: from | J30: to
A31: Final dates may vary | D31: to | G31: Final dates may vary | J31: to
A32: Period 2 | B32: =MAX(C28:E31) -> 45480 | G32: Period 2 | H32: =MAX(I28:K31) -> 45620
A33: Initial dates may vary | B33: from | G33: Initial dates may vary | H33: from
A34: Minimum or fixed number of days | B34: from | C34: =E29+6 -> 45486 | D34: to | E34: =C34+1 -> 45487 | G34: Minimum or fixed number of days | H34: from | I34: =K29+6 -> 45626 | J34: to | K34: =I34+1 -> 45627
A35: Maximum number of days | B35: from | D35: to | G35: Maximum number of days | H35: from | J35: to
A36: Final dates may vary | D36: to | G36: Final dates may vary | J36: to
A37: Period 3 | B37: =MAX(C33:E36) -> 45487 | G37: Period 3 | H37: =MAX(I33:K36) -> 45627
A38: Initial dates may vary | B38: from | G38: Initial dates may vary | H38: from
A39: Minimum or fixed number of days | B39: from | C39: =E34+6 -> 45493 | D39: to | E39: =C39+1 -> 45494 | G39: Minimum or fixed number of days | H39: from | I39: =K34+6 -> 45633 | J39: to | K39: =I39+1 -> 45634
A40: Maximum number of days | B40: from | D40: to | G40: Maximum number of days | H40: from | J40: to
A41: Final dates may vary | D41: to | G41: Final dates may vary | J41: to
A42: Period 4 | B42: =MAX(C38:E41) -> 45494 | G42: Period 4 | H42: =MAX(I38:K41) -> 45634
A43: Initial dates may vary | B43: from | G43: Initial dates may vary | H43: from
A44: Minimum or fixed number of days | B44: from | C44: =E39+6 -> 45500 | D44: to | E44: =C44+1 -> 45501 | G44: Minimum or fixed number of days | H44: from | I44: =K39+6 -> 45640 | J44: to | K44: =I44+1 -> 45641
A45: Maximum number of days | B45: from | D45: to | G45: Maximum number of days | H45: from | J45: to
A46: Final dates may vary | D46: to | G46: Final dates may vary | J46: to
A47: Period 5 | B47: =MAX(C43:E46) -> 45501 | G47: Period 5 | H47: =MAX(I43:K46) -> 45641
A48: Initial dates may vary | B48: from | G48: Initial dates may vary | H48: from
A49: Minimum or fixed number of days | B49: from | C49: =E44+6 -> 45507 | D49: to | E49: =C49+1 -> 45508 | G49: Minimum or fixed number of days | H49: from | I49: =K44+6 -> 45647 | J49: to | K49: =I49+1 -> 45648
A50: Maximum number of days | B50: from | D50: to | G50: Maximum number of days | H50: from | J50: to
A51: Final dates may vary | D51: to | G51: Final dates may vary | J51: to
A52: Period 6 | B52: =MAX(C48:E51) -> 45508 | G52: Period 6 | H52: =MAX(I48:K51) -> 45648
A53: Initial dates may vary | B53: from | G53: Initial dates may vary | H53: from
A54: Minimum or fixed number of days | B54: from | C54: =E49+6 -> 45514 | D54: to | E54: =C54+1 -> 45515 | G54: Minimum or fixed number of days | H54: from | I54: =K49+6 -> 45654 | J54: to | K54: =I54+1 -> 45655
A55: Maximum number of days | B55: from | D55: to | G55: Maximum number of days | H55: from | J55: to
A56: Final dates may vary | D56: to | G56: Final dates may vary | J56: to
A57: Period 7 | B57: =MAX(C53:E56) -> 45515 | G57: Period 7 | H57: =MAX(I53:K56) -> 45655
A58: Initial dates may vary | B58: from | G58: Initial dates may vary | H58: from
A59: Minimum or fixed number of days | B59: from | C59: =E54+6 -> 45521 | D59: to | E59: =C59+1 -> 45522 | G59: Minimum or fixed number of days | H59: from | I59: =K54+6 -> 45661 | J59: to | K59: =I59+1 -> 45662
A60: Maximum number of days | B60: from | D60: to | G60: Maximum number of days | H60: from | J60: to
A61: Final dates may vary | D61: to | G61: Final dates may vary | J61: to
A62: Period 8 | B62: =MAX(C58:E61) -> 45522 | G62: Period 8 | H62: =MAX(I58:K61) -> 45662
A63: Initial dates may vary | B63: from | G63: Initial dates may vary | H63: from
A64: Minimum or fixed number of days | B64: from | C64: =E59+6 -> 45528 | D64: to | E64: =C64+1 -> 45529 | G64: Minimum or fixed number of days | H64: from | I64: =K59+6 -> 45668 | J64: to | K64: =I64+1 -> 45669
A65: Maximum number of days | B65: from | D65: to | G65: Maximum number of days | H65: from | J65: to
A66: Final dates may vary | D66: to | G66: Final dates may vary | J66: to
A67: Period 9 | B67: =MAX(C63:E66) -> 45529 | G67: Period 9 | H67: =MAX(I63:K66) -> 45669
A68: Initial dates may vary | B68: from | G68: Initial dates may vary | H68: from
A69: Minimum or fixed number of days | B69: from | C69: 45535 | D69: to | E69: 45536 | G69: Minimum or fixed number of days | H69: from | I69: =K64+6 -> 45675 | J69: to | K69: =I69+1 -> 45676
A70: Maximum number of days | B70: from | D70: to | G70: Maximum number of days | H70: from | J70: to
A71: Final dates may vary | D71: to | G71: Final dates may vary | J71: to
A72: Period 10 | B72: =MAX(C68:E71) -> 45536 | G72: Period 10 | H72: =MAX(I68:K71) -> 45676
A73: Initial dates may vary | B73: from | G73: Initial dates may vary | H73: from
A74: Minimum or fixed number of days | B74: from | C74: =E69+6 -> 45542 | D74: to | E74: =C74+1 -> 45543 | G74: Minimum or fixed number of days | H74: from | I74: =K69+6 -> 45682 | J74: to | K74: =I74+1 -> 45683
A75: Maximum number of days | B75: from | D75: to | G75: Maximum number of days | H75: from | J75: to
A76: Final dates may vary | D76: to | G76: Final dates may vary | J76: to
A77: Period 11 | B77: =MAX(C73:E76) -> 45543 | G77: Period 11 | H77: =MAX(I73:K76) -> 45683
A78: Initial dates may vary | B78: from | G78: Initial dates may vary | H78: from
A79: Minimum or fixed number of days | B79: from | C79: =E74+6 -> 45549 | D79: to | E79: =C79+1 -> 45550 | G79: Minimum or fixed number of days | H79: from | I79: =K74+6 -> 45689 | J79: to | K79: =I79+1 -> 45690
A80: Maximum number of days | B80: from | D80: to | G80: Maximum number of days | H80: from | J80: to
A81: Final dates may vary | D81: to | G81: Final dates may vary | J81: to
A82: Period 12 | B82: =MAX(C78:E81) -> 45550 | G82: Period 12 | H82: =MAX(I78:K81) -> 45690
A83: Initial dates may vary | B83: from | G83: Initial dates may vary | H83: from
A84: Minimum or fixed number of days | B84: from | C84: 45556 | D84: to | E84: 45557 | G84: Minimum or fixed number of days | H84: from | I84: =K79+6 -> 45696 | J84: to | K84: =I84+1 -> 45697
A85: Maximum number of days | B85: from | D85: to | G85: Maximum number of days | H85: from | J85: to
A86: Final dates may vary | D86: to | G86: Final dates may vary | J86: to
A87: Period 13 | B87: =MAX(C83:E86) -> 45557 | G87: Period 13 | H87: =MAX(I83:K86) -> 45697
A88: Initial dates may vary | B88: from | G88: Initial dates may vary | H88: from
A89: Minimum or fixed number of days | B89: from | C89: =E84+6 -> 45563 | D89: to | E89: =C89+1 -> 45564 | G89: Minimum or fixed number of days | H89: from | I89: =K84+6 -> 45703 | J89: to | K89: =I89+1 -> 45704
A90: Maximum number of days | B90: from | D90: to | G90: Maximum number of days | H90: from | J90: to
A91: Final dates may vary | D91: to | G91: Final dates may vary | J91: to
A92: Period 14 | B92: =MAX(C88:E91) -> 45564 | G92: Period 14 | H92: =MAX(I88:K91) -> 45704
A93: Initial dates may vary | B93: from | G93: Initial dates may vary | H93: from
A94: Minimum or fixed number of days | B94: from | C94: =E89+6 -> 45570 | D94: to | E94: =C94+1 -> 45571 | G94: Minimum or fixed number of days | H94: from | I94: =K89+6 -> 45710 | J94: to | K94: =I94+1 -> 45711
A95: Maximum number of days | B95: from | D95: to | G95: Maximum number of days | H95: from | J95: to
A96: Final dates may vary | D96: to | G96: Final dates may vary | J96: to
A97: Period 15 | B97: =MAX(C93:E96) -> 45571 | G97: Period 15 | H97: =MAX(I93:K96) -> 45711
A98: Initial dates may vary | B98: from | G98: Initial dates may vary | H98: from
A99: Minimum or fixed number of days | B99: from | C99: =E94+6 -> 45577 | D99: to | E99: =C99+1 -> 45578 | G99: Minimum or fixed number of days | H99: from | I99: =K94+6 -> 45717 | J99: to | K99: =I99+1 -> 45718
A100: Maximum number of days | B100: from | D100: to | G100: Maximum number of days | H100: from | J100: to
A101: Final dates may vary | D101: to | G101: Final dates may vary | J101: to
A102: Period 16 | B102: =MAX(C98:E101) -> 45578 | G102: Period 16 | H102: =MAX(I98:K101) -> 45718
...

Sheet DaB
A1: no | G1: 365 | AB1: 365 | EU1: 365
E2: Period 1 | G2: =G7 -> #REF! | L2: Period 2 | N2: =N7 -> #REF! | S2: Period 3 | U2: =U7 -> #REF! | Z2: Period 4 | AB2: =AB7 -> #REF! | AG2: Period 5 | AI2: =AI7 -> #REF! | AN2: Period 6 | AP2: =AP7 -> #REF! | AU2: Period 7 | AW2: =AW7 -> #REF! | BB2: Period 8 | BD2: =BD7 -> #REF! | BI2: Period 9 | BK2: =BK7 -> #REF! | BP2: Period 10 | BR2: =BR7 -> #REF! | BW2: Period 11 | BY2: =BY7 -> #REF! | CD2: Period 12 | CF2: =CF7 -> #REF! | CK2: Period 13 | CM2: =CM7 -> #REF! | CR2: Period 14 | CT2: =CT7 -> #REF! | CY2: Period 15 | DA2: =DA7 -> #REF! | DF2: Period 16 | DH2: =DH7 -> #REF! | DM2: Period 17 | DO2: =DO7 -> #REF! | DT2: Period 18 | DV2: =DV7 -> #REF! | EA2: Period 19 | EC2: =EC7 -> #REF! | EH2: Period 20 | EJ2: =EJ7 -> #REF! | ES2: =C2 -> 0 | ET2: Students BEGINNING | FA2: Students END | FH2: Teachers BEGINNING | FO2: Teachers END
B3: Country_code | C3: Overview_Regional_calendar | D3: Level of education | E3: =$ET$3 -> Period_name | F3: =#REF! -> #REF! | G3: Min from | H3: Min to | I3: Max from | J3: Max to | K3: =#REF! -> #REF! | L3: =$ET$3 -> Period_name | M3: =#REF! -> #REF! | N3: Min from | O3: Min to | P3: Max from | Q3: Max to | R3: =#REF! -> #REF! | S3: =$ET$3 -> Period_name | T3: =#REF! -> #REF! | U3: Min from | V3: Min to | W3: Max from | X3: Max to | Y3: =#REF! -> #REF! | Z3: =$ET$3 -> Period_name | AA3: =#REF! -> #REF! | AB3: Min from | AC3: Min to | AD3: Max from | AE3: Max to | AF3: =#REF! -> #REF! | AG3: =$ET$3 -> Period_name | AH3: =#REF! -> #REF! | AI3: Min from | AJ3: Min to | AK3: Max from | AL3: Max to | AM3: =#REF! -> #REF! | AN3: =$ET$3 -> Period_name | AO3: =#REF! -> #REF! | AP3: Min from | AQ3: Min to | AR3: Max from | AS3: Max to | AT3: =#REF! -> #REF! | AU3: =$ET$3 -> Period_name | AV3: =#REF! -> #REF! | AW3: Min from | AX3: Min to | AY3: Max from | AZ3: Max to | BA3: =#REF! -> #REF! | BB3: =$ET$3 -> Period_name | BC3: =#REF! -> #REF! | BD3: Min from | BE3: Min to | BF3: Max from | BG3: Max to | BH3: =#REF! -> #REF! | BI3: =$ET$3 -> Period_name | BJ3: =#REF! -> #REF! | BK3: Min from | BL3: Min to | BM3: Max from | BN3: Max to | BO3: =#REF! -> #REF! | BP3: =$ET$3 -> Period_name | BQ3: =#REF! -> #REF! | BR3: Min from | BS3: Min to | BT3: Max from | BU3: Max to | BV3: =#REF! -> #REF! | BW3: =$ET$3 -> Period_name | BX3: =#REF! -> #REF! | BY3: Min from | BZ3: Min to | CA3: Max from | CB3: Max to | CC3: =#REF! -> #REF! | CD3: =$ET$3 -> Period_name | CE3: =#REF! -> #REF! | CF3: Min from | CG3: Min to | CH3: Max from | CI3: Max to | CJ3: =#REF! -> #REF! | CK3: =$ET$3 -> Period_name | CL3: =#REF! -> #REF! | CM3: Min from | CN3: Min to | CO3: Max from | CP3: Max to | CQ3: =#REF! -> #REF! | CR3: =$ET$3 -> Period_name | CS3: =#REF! -> #REF! | CT3: Min from | CU3: Min to | CV3: Max from | CW3: Max to | CX3: =#REF! -> #REF! | CY3: =$ET$3 -> Period_name | CZ3: =#REF! -> #REF! | DA3: Min from | DB3: Min to | DC3: Max from | DD3: Max to | DE3: =#REF! -> #REF! | DF3: =$ET$3 -> Period_name | DG3: =#REF! -> #REF! | DH3: Min from | DI3: Min to | DJ3: Max from | DK3: Max to | DL3: =#REF! -> #REF! | DM3: =$ET$3 -> Period_name | DN3: =#REF! -> #REF! | DO3: Min from | DP3: Min to | DQ3: Max from | DR3: Max to | DS3: =#REF! -> #REF! | DT3: =$ET$3 -> Period_name | DU3: =#REF! -> #REF! | DV3: Min from | DW3: Min to | DX3: Max from | DY3: Max to | DZ3: =#REF! -> #REF! | EA3: =$ET$3 -> Period_name | EB3: =#REF! -> #REF! | EC3: Min from | ED3: Min to | EE3: Max from | EF3: Max to | EG3: =#REF! -> #REF! | EH3: =$ET$3 -> Period_name | EI3: =#REF! -> #REF! | EJ3: Min from | EK3: Min to | EL3: Max from | EM3: Max to | EN3: =#REF! -> #REF! | ES3: =C3 -> Overview_Regional_calendar | ET3: Period_name | EU3: Initial dates may vary | EV3: Beginning of school year for students | EZ3: Final dates may vary | FA3: =$ET$3 -> Period_name | FB3: Initial dates may vary | FC3: End of school year | FG3: Final dates may vary | FH3: =$ET$3 -> Period_name | FI3: =EU3 -> Initial dates may vary | FJ3: Beginning of school year for teachers | FN3: =EZ3 -> Final dates may vary | FO3: =$ET$3 -> Period_name | FP3: =FB3 -> Initial dates may vary | FQ3: End of school year | FU3: Final dates may vary
A4: =#REF! -> #REF! | B4: =B3 -> Country_code | C4: {=MID(CELL("filename",#REF!),FIND("]",CELL("filename",#REF!))+1,255)} -> #REF! | D4: =#REF! -> #REF! | E4: =#REF! -> #REF! | F4: =IF(#REF!=0,"-",#REF!) -> #REF! | G4: =IF(#REF!=0,"-",#REF!) -> #REF! | H4: =IF(#REF!=0,"-",#REF!) -> #REF! | I4: =IF(#REF!=0,"-",#REF!) -> #REF! | J4: =IF(#REF!=0,"-",#REF!) -> #REF! | K4: =IF(#REF!=0,"-",#REF!) -> #REF! | L4: Period 2 | M4: =IF(#REF!=0,"-",#REF!) -> #REF! | N4: =IF(#REF!=0,"-",#REF!) -> #REF! | O4: =IF(#REF!=0,"-",#REF!) -> #REF! | P4: =IF(#REF!=0,"-",#REF!) -> #REF! | Q4: =IF(#REF!=0,"-",#REF!) -> #REF! | R4: =IF(#REF!=0,"-",#REF!) -> #REF! | S4: Period 3 | T4: =IF(#REF!=0,"-",#REF!) -> #REF! | U4: =IF(#REF!=0,"-",#REF!) -> #REF! | V4: =IF(#REF!=0,"-",#REF!) -> #REF! | W4: =IF(#REF!=0,"-",#REF!) -> #REF! | X4: =IF(#REF!=0,"-",#REF!) -> #REF! | Y4: =IF(#REF!=0,"-",#REF!) -> #REF! | Z4: Period 4 | AA4: =IF(#REF!=0,"-",#REF!) -> #REF! | AB4: =IF(#REF!=0,"-",#REF!) -> #REF! | AC4: =IF(#REF!=0,"-",#REF!) -> #REF! | AD4: =IF(#REF!=0,"-",#REF!) -> #REF! | AE4: =IF(#REF!=0,"-",#REF!) -> #REF! | AF4: =IF(#REF!=0,"-",#REF!) -> #REF! | AG4: Period 5 | AH4: =IF(#REF!=0,"-",#REF!) -> #REF! | AI4: =IF(#REF!=0,"-",#REF!) -> #REF! | AJ4: =IF(#REF!=0,"-",#REF!) -> #REF! | AK4: =IF(#REF!=0,"-",#REF!) -> #REF! | AL4: =IF(#REF!=0,"-",#REF!) -> #REF! | AM4: =IF(#REF!=0,"-",#REF!) -> #REF! | AN4: Period 6 | AO4: =IF(#REF!=0,"-",#REF!) -> #REF! | AP4: =IF(#REF!=0,"-",#REF!) -> #REF! | AQ4: =IF(#REF!=0,"-",#REF!) -> #REF! | AR4: =IF(#REF!=0,"-",#REF!) -> #REF! | AS4: =IF(#REF!=0,"-",#REF!) -> #REF! | AT4: =IF(#REF!=0,"-",#REF!) -> #REF! | AU4: Period 7 | AV4: =IF(#REF!=0,"-",#REF!) -> #REF! | AW4: =IF(#REF!=0,"-",#REF!) -> #REF! | AX4: =IF(#REF!=0,"-",#REF!) -> #REF! | AY4: =IF(#REF!=0,"-",#REF!) -> #REF! | AZ4: =IF(#REF!=0,"-",#REF!) -> #REF! | BA4: =IF(#REF!=0,"-",#REF!) -> #REF! | BB4: Period 8 | BC4: =IF(#REF!=0,"-",#REF!) -> #REF! | BD4: =IF(#REF!=0,"-",#REF!) -> #REF! | BE4: =IF(#REF!=0,"-",#REF!) -> #REF! | BF4: =IF(#REF!=0,"-",#REF!) -> #REF! | BG4: =IF(#REF!=0,"-",#REF!) -> #REF! | BH4: =IF(#REF!=0,"-",#REF!) -> #REF! | BI4: Period 9 | BJ4: =IF(#REF!=0,"-",#REF!) -> #REF! | BK4: =IF(#REF!=0,"-",#REF!) -> #REF! | BL4: =IF(#REF!=0,"-",#REF!) -> #REF! | BM4: =IF(#REF!=0,"-",#REF!) -> #REF! | BN4: =IF(#REF!=0,"-",#REF!) -> #REF! | BO4: =IF(#REF!=0,"-",#REF!) -> #REF! | BP4: Period 10 | BQ4: =IF(#REF!=0,"-",#REF!) -> #REF! | BR4: =IF(#REF!="-",0,#REF!) -> #REF! | BS4: =IF(#REF!=0,"-",#REF!) -> #REF! | BT4: =IF(#REF!=0,"-",#REF!) -> #REF! | BU4: =IF(#REF!=0,"-",#REF!) -> #REF! | BV4: =IF(#REF!=0,"-",#REF!) -> #REF! | BW4: Period 11 | BX4: =IF(#REF!=0,"-",#REF!) -> #REF! | BY4: =IF(#REF!=0,"-",#REF!) -> #REF! | BZ4: =IF(#REF!=0,"-",#REF!) -> #REF! | CA4: =IF(#REF!=0,"-",#REF!) -> #REF! | CB4: =IF(#REF!=0,"-",#REF!) -> #REF! | CC4: =IF(#REF!=0,"-",#REF!) -> #REF! | CD4: Period 12 | CE4: =IF(#REF!=0,"-",#REF!) -> #REF! | CF4: =IF(#REF!=0,"-",#REF!) -> #REF! | CG4: =IF(#REF!=0,"-",#REF!) -> #REF! | CH4: =IF(#REF!=0,"-",#REF!) -> #REF! | CI4: =IF(#REF!=0,"-",#REF!) -> #REF! | CJ4: =IF(#REF!=0,"-",#REF!) -> #REF! | CK4: Period 13 | CL4: =IF(#REF!=0,"-",#REF!) -> #REF! | CM4: =IF(#REF!=0,"-",#REF!) -> #REF! | CN4: =IF(#REF!=0,"-",#REF!) -> #REF! | CO4: =IF(#REF!=0,"-",#REF!) -> #REF! | CP4: =IF(#REF!=0,"-",#REF!) -> #REF! | CQ4: =IF(#REF!=0,"-",#REF!) -> #REF! | CR4: Period 14 | CS4: =IF(#REF!=0,"-",#REF!) -> #REF! | CT4: =IF(#REF!=0,"-",#REF!) -> #REF! | CU4: =IF(#REF!=0,"-",#REF!) -> #REF! | CV4: =IF(#REF!=0,"-",#REF!) -> #REF! | CW4: =IF(#REF!=0,"-",#REF!) -> #REF! | CX4: =IF(#REF!=0,"-",#REF!) -> #REF! | CY4: Period 15 | CZ4: =IF(#REF!=0,"-",#REF!) -> #REF! | DA4: =IF(#REF!=0,"-",#REF!) -> #REF! | DB4: =IF(#REF!=0,"-",#REF!) -> #REF! | DC4: =IF(#REF!=0,"-",#REF!) -> #REF! | DD4: =IF(#REF!=0,"-",#REF!) -> #REF! | DE4: =IF(#REF!=0,"-",#REF!) -> #REF! | DF4: Period 16 | DG4: =IF(#REF!=0,"-",#REF!) -> #REF! | DH4: =IF(#REF!=0,"-",#REF!) -> #REF! | DI4: =IF(#REF!=0,"-",#REF!) -> #REF! | DJ4: =IF(#REF!=0,"-",#REF!) -> #REF! | DK4: =IF(#REF!=0,"-",#REF!) -> #REF! | DL4: =IF(#REF!=0,"-",#REF!) -> #REF! | DM4: Period 17 | DN4: =IF(#REF!=0,"-",#REF!) -> #REF! | DO4: =IF(#REF!=0,"-",#REF!) -> #REF! | DP4: =IF(#REF!=0,"-",#REF!) -> #REF! | DQ4: =IF(#REF!=0,"-",#REF!) -> #REF! | DR4: =IF(#REF!=0,"-",#REF!) -> #REF! | DS4: =IF(#REF!=0,"-",#REF!) -> #REF! | DT4: Period 18 | DU4: =IF(#REF!=0,"-",#REF!) -> #REF! | DV4: =IF(#REF!=0,"-",#REF!) -> #REF! | DW4: =IF(#REF!=0,"-",#REF!) -> #REF! | DX4: =IF(#REF!=0,"-",#REF!) -> #REF! | DY4: =IF(#REF!=0,"-",#REF!) -> #REF! | DZ4: =IF(#REF!=0,"-",#REF!) -> #REF! | EA4: Period 19 | EB4: =IF(#REF!=0,"-",#REF!) -> #REF! | EC4: =IF(#REF!=0,"-",#REF!) -> #REF! | ED4: =IF(#REF!=0,"-",#REF!) -> #REF! | EE4: =IF(#REF!=0,"-",#REF!) -> #REF! | EF4: =IF(#REF!=0,"-",#REF!) -> #REF! | EG4: =IF(#REF!=0,"-",#REF!) -> #REF! | EH4: Period 20 | EI4: =IF(#REF!=0,"-",#REF!) -> #REF! | EJ4: =IF(#REF!=0,"-",#REF!) -> #REF! | EK4: =IF(#REF!=0,"-",#REF!) -> #REF! | EL4: =IF(#REF!=0,"-",#REF!) -> #REF! | EM4: =IF(#REF!=0,"-",#REF!) -> #REF! | EN4: =IF(#REF!=0,"-",#REF!) -> #REF! | ES4: =C4 -> #REF! | ET4: BEGINNING of the school year for STUDENTS | EU4: =IF(#REF!=0,"",#REF!) -> #REF! | EV4: =IF(OR(#REF!=0,#REF!=""),"",#REF!) -> #REF! | EW4: =EV4 -> #REF! | EZ4: =IF(#REF!=0,"",#REF!) -> #REF! | FA4: END of the school year for STUDENTS (NOT shown on graph) | FB4: =IF(#REF!=0,"",#REF!) -> #REF! | FC4: =IF(OR(#REF!=0,#REF!=""),"",#REF!) -> #REF! | FD4: =FC4 -> #REF! | FE4: - | FF4: - | FG4: =IF(#REF!=0,"-",#REF!) -> #REF! | FH4: BEGINNING of the school year for TEACHERS (NOT shown on graph) | FI4: =IF(#REF!=0,"-",#REF!) -> #REF! | FJ4: =IF(#REF!=0,"-",#REF!) -> #REF! | FK4: =IF(#REF!=0,"-",#REF!) -> #REF! | FL4: - | FM4: - | FN4: =IF(#REF!=0,"-",#REF!) -> #REF! | FO4: END of the school year for TEACHERS (NOT shown on graph) | FP4: =IF(#REF!=0,"-",#REF!) -> #REF! | FQ4: =IF(#REF!=0,"-",#REF!) -> #REF! | FR4: =IF(#REF!=0,"-",#REF!) -> #REF! | FS4: - | FT4: - | FU4: =IF(#REF!=0,"-",#REF!) -> #REF!
A5: =#REF! -> #REF! | B5: =B4 -> Country_code | C5: {=MID(CELL("filename",#REF!),FIND("]",CELL("filename",#REF!))+1,255)} -> #REF! | D5: =#REF! -> #REF! | E5: =#REF! -> #REF! | F5: =IF(#REF!=0,"-",#REF!) -> #REF! | G5: =IF(#REF!=0,"-",#REF!) -> #REF! | H5: =IF(#REF!=0,"-",#REF!) -> #REF! | I5: =IF(#REF!=0,"-",#REF!) -> #REF! | J5: =IF(#REF!=0,"-",#REF!) -> #REF! | K5: =IF(#REF!=0,"-",#REF!) -> #REF! | L5: Period 2 | M5: =IF(#REF!=0,"-",#REF!) -> #REF! | N5: =IF(#REF!=0,"-",#REF!) -> #REF! | O5: =IF(#REF!=0,"-",#REF!) -> #REF! | P5: =IF(#REF!=0,"-",#REF!) -> #REF! | Q5: =IF(#REF!=0,"-",#REF!) -> #REF! | R5: =IF(#REF!=0,"-",#REF!) -> #REF! | S5: Period 3 | T5: =IF(#REF!=0,"-",#REF!) -> #REF! | U5: =IF(#REF!=0,"-",#REF!) -> #REF! | V5: =IF(#REF!=0,"-",#REF!) -> #REF! | W5: =IF(#REF!=0,"-",#REF!) -> #REF! | X5: =IF(#REF!=0,"-",#REF!) -> #REF! | Y5: =IF(#REF!=0,"-",#REF!) -> #REF! | Z5: Period 4 | AA5: =IF(#REF!=0,"-",#REF!) -> #REF! | AB5: =IF(#REF!=0,"-",#REF!) -> #REF! | AC5: =IF(#REF!=0,"-",#REF!) -> #REF! | AD5: =IF(#REF!=0,"-",#REF!) -> #REF! | AE5: =IF(#REF!=0,"-",#REF!) -> #REF! | AF5: =IF(#REF!=0,"-",#REF!) -> #REF! | AG5: Period 5 | AH5: =IF(#REF!=0,"-",#REF!) -> #REF! | AI5: =IF(#REF!=0,"-",#REF!) -> #REF! | AJ5: =IF(#REF!=0,"-",#REF!) -> #REF! | AK5: =IF(#REF!=0,"-",#REF!) -> #REF! | AL5: =IF(#REF!=0,"-",#REF!) -> #REF! | AM5: =IF(#REF!=0,"-",#REF!) -> #REF! | AN5: Period 6 | AO5: =IF(#REF!=0,"-",#REF!) -> #REF! | AP5: =IF(#REF!=0,"-",#REF!) -> #REF! | AQ5: =IF(#REF!=0,"-",#REF!) -> #REF! | AR5: =IF(#REF!=0,"-",#REF!) -> #REF! | AS5: =IF(#REF!=0,"-",#REF!) -> #REF! | AT5: =IF(#REF!=0,"-",#REF!) -> #REF! | AU5: Period 7 | AV5: =IF(#REF!=0,"-",#REF!) -> #REF! | AW5: =IF(#REF!=0,"-",#REF!) -> #REF! | AX5: =IF(#REF!=0,"-",#REF!) -> #REF! | AY5: =IF(#REF!=0,"-",#REF!) -> #REF! | AZ5: =IF(#REF!=0,"-",#REF!) -> #REF! | BA5: =IF(#REF!=0,"-",#REF!) -> #REF! | BB5: Period 8 | BC5: =IF(#REF!=0,"-",#REF!) -> #REF! | BD5: =IF(#REF!=0,"-",#REF!) -> #REF! | BE5: =IF(#REF!=0,"-",#REF!) -> #REF! | BF5: =IF(#REF!=0,"-",#REF!) -> #REF! | BG5: =IF(#REF!=0,"-",#REF!) -> #REF! | BH5: =IF(#REF!=0,"-",#REF!) -> #REF! | BI5: Period 9 | BJ5: =IF(#REF!=0,"-",#REF!) -> #REF! | BK5: =IF(#REF!=0,"-",#REF!) -> #REF! | BL5: =IF(#REF!=0,"-",#REF!) -> #REF! | BM5: =IF(#REF!=0,"-",#REF!) -> #REF! | BN5: =IF(#REF!=0,"-",#REF!) -> #REF! | BO5: =IF(#REF!=0,"-",#REF!) -> #REF! | BP5: Period 10 | BQ5: =IF(#REF!=0,"-",#REF!) -> #REF! | BR5: =IF(#REF!="-",0,#REF!) -> #REF! | BS5: =IF(#REF!=0,"-",#REF!) -> #REF! | BT5: =IF(#REF!=0,"-",#REF!) -> #REF! | BU5: =IF(#REF!=0,"-",#REF!) -> #REF! | BV5: =IF(#REF!=0,"-",#REF!) -> #REF! | BW5: Period 11 | BX5: =IF(#REF!=0,"-",#REF!) -> #REF! | BY5: =IF(#REF!=0,"-",#REF!) -> #REF! | BZ5: =IF(#REF!=0,"-",#REF!) -> #REF! | CA5: =IF(#REF!=0,"-",#REF!) -> #REF! | CB5: =IF(#REF!=0,"-",#REF!) -> #REF! | CC5: =IF(#REF!=0,"-",#REF!) -> #REF! | CD5: Period 12 | CE5: =IF(#REF!=0,"-",#REF!) -> #REF! | CF5: =IF(#REF!=0,"-",#REF!) -> #REF! | CG5: =IF(#REF!=0,"-",#REF!) -> #REF! | CH5: =IF(#REF!=0,"-",#REF!) -> #REF! | CI5: =IF(#REF!=0,"-",#REF!) -> #REF! | CJ5: =IF(#REF!=0,"-",#REF!) -> #REF! | CK5: Period 13 | CL5: =IF(#REF!=0,"-",#REF!) -> #REF! | CM5: =IF(#REF!=0,"-",#REF!) -> #REF! | CN5: =IF(#REF!=0,"-",#REF!) -> #REF! | CO5: =IF(#REF!=0,"-",#REF!) -> #REF! | CP5: =IF(#REF!=0,"-",#REF!) -> #REF! | CQ5: =IF(#REF!=0,"-",#REF!) -> #REF! | CR5: Period 14 | CS5: =IF(#REF!=0,"-",#REF!) -> #REF! | CT5: =IF(#REF!=0,"-",#REF!) -> #REF! | CU5: =IF(#REF!=0,"-",#REF!) -> #REF! | CV5: =IF(#REF!=0,"-",#REF!) -> #REF! | CW5: =IF(#REF!=0,"-",#REF!) -> #REF! | CX5: =IF(#REF!=0,"-",#REF!) -> #REF! | CY5: Period 15 | CZ5: =IF(#REF!=0,"-",#REF!) -> #REF! | DA5: =IF(#REF!=0,"-",#REF!) -> #REF! | DB5: =IF(#REF!=0,"-",#REF!) -> #REF! | DC5: =IF(#REF!=0,"-",#REF!) -> #REF! | DD5: =IF(#REF!=0,"-",#REF!) -> #REF! | DE5: =IF(#REF!=0,"-",#REF!) -> #REF! | DF5: Period 16 | DG5: =IF(#REF!=0,"-",#REF!) -> #REF! | DH5: =IF(#REF!=0,"-",#REF!) -> #REF! | DI5: =IF(#REF!=0,"-",#REF!) -> #REF! | DJ5: =IF(#REF!=0,"-",#REF!) -> #REF! | DK5: =IF(#REF!=0,"-",#REF!) -> #REF! | DL5: =IF(#REF!=0,"-",#REF!) -> #REF! | DM5: Period 17 | DN5: =IF(#REF!=0,"-",#REF!) -> #REF! | DO5: =IF(#REF!=0,"-",#REF!) -> #REF! | DP5: =IF(#REF!=0,"-",#REF!) -> #REF! | DQ5: =IF(#REF!=0,"-",#REF!) -> #REF! | DR5: =IF(#REF!=0,"-",#REF!) -> #REF! | DS5: =IF(#REF!=0,"-",#REF!) -> #REF! | DT5: Period 18 | DU5: =IF(#REF!=0,"-",#REF!) -> #REF! | DV5: =IF(#REF!=0,"-",#REF!) -> #REF! | DW5: =IF(#REF!=0,"-",#REF!) -> #REF! | DX5: =IF(#REF!=0,"-",#REF!) -> #REF! | DY5: =IF(#REF!=0,"-",#REF!) -> #REF! | DZ5: =IF(#REF!=0,"-",#REF!) -> #REF! | EA5: Period 19 | EB5: =IF(#REF!=0,"-",#REF!) -> #REF! | EC5: =IF(#REF!=0,"-",#REF!) -> #REF! | ED5: =IF(#REF!=0,"-",#REF!) -> #REF! | EE5: =IF(#REF!=0,"-",#REF!) -> #REF! | EF5: =IF(#REF!=0,"-",#REF!) -> #REF! | EG5: =IF(#REF!=0,"-",#REF!) -> #REF! | EH5: Period 20 | EI5: =IF(#REF!=0,"-",#REF!) -> #REF! | EJ5: =IF(#REF!=0,"-",#REF!) -> #REF! | EK5: =IF(#REF!=0,"-",#REF!) -> #REF! | EL5: =IF(#REF!=0,"-",#REF!) -> #REF! | EM5: =IF(#REF!=0,"-",#REF!) -> #REF! | EN5: =IF(#REF!=0,"-",#REF!) -> #REF! | ES5: =C5 -> #REF! | ET5: BEGINNING of the school year for STUDENTS | EU5: =IF(#REF!=0,"",#REF!) -> #REF! | EV5: =IF(OR(#REF!=0,#REF!=""),"",#REF!) -> #REF! | EW5: =EV5 -> #REF! | EZ5: =IF(#REF!=0,"",#REF!) -> #REF! | FA5: END of the school year for STUDENTS (NOT shown on graph) | FB5: =IF(#REF!=0,"",#REF!) -> #REF! | FC5: =IF(OR(#REF!=0,#REF!=""),"",#REF!) -> #REF! | FD5: =FC5 -> #REF! | FE5: - | FF5: - | FG5: =IF(#REF!=0,"-",#REF!) -> #REF! | FH5: BEGINNING of the school year for TEACHERS (NOT shown on graph) | FI5: =IF(#REF!=0,"-",#REF!) -> #REF! | FJ5: =IF(#REF!=0,"-",#REF!) -> #REF! | FK5: =IF(#REF!=0,"-",#REF!) -> #REF! | FL5: - | FM5: - | FN5: =IF(#REF!=0,"-",#REF!) -> #REF! | FO5: END of the school year for TEACHERS (NOT shown on graph) | FP5: =IF(#REF!=0,"-",#REF!) -> #REF! | FQ5: =IF(#REF!=0,"-",#REF!) -> #REF! | FR5: =IF(#REF!=0,"-",#REF!) -> #REF! | FS5: - | FT5: - | FU5: =IF(#REF!=0,"-",#REF!) -> #REF!
A6: =#REF! -> #REF! | B6: =B5 -> Country_code | C6: {=MID(CELL("filename",#REF!),FIND("]",CELL("filename",#REF!))+1,255)} -> #REF! | D6: =#REF! -> #REF! | E6: =#REF! -> #REF! | F6: =IF(#REF!=0,"-",#REF!) -> #REF! | G6: =IF(#REF!=0,"-",#REF!) -> #REF! | H6: =IF(#REF!=0,"-",#REF!) -> #REF! | I6: =IF(#REF!=0,"-",#REF!) -> #REF! | J6: =IF(#REF!=0,"-",#REF!) -> #REF! | K6: =IF(#REF!=0,"-",#REF!) -> #REF! | L6: Period 2 | M6: =IF(#REF!=0,"-",#REF!) -> #REF! | N6: =IF(#REF!=0,"-",#REF!) -> #REF! | O6: =IF(#REF!=0,"-",#REF!) -> #REF! | P6: =IF(#REF!=0,"-",#REF!) -> #REF! | Q6: =IF(#REF!=0,"-",#REF!) -> #REF! | R6: =IF(#REF!=0,"-",#REF!) -> #REF! | S6: Period 3 | T6: =IF(#REF!=0,"-",#REF!) -> #REF! | U6: =IF(#REF!=0,"-",#REF!) -> #REF! | V6: =IF(#REF!=0,"-",#REF!) -> #REF! | W6: =IF(#REF!=0,"-",#REF!) -> #REF! | X6: =IF(#REF!=0,"-",#REF!) -> #REF! | Y6: =IF(#REF!=0,"-",#REF!) -> #REF! | Z6: Period 4 | AA6: =IF(#REF!=0,"-",#REF!) -> #REF! | AB6: =IF(#REF!=0,"-",#REF!) -> #REF! | AC6: =IF(#REF!=0,"-",#REF!) -> #REF! | AD6: =IF(#REF!=0,"-",#REF!) -> #REF! | AE6: =IF(#REF!=0,"-",#REF!) -> #REF! | AF6: =IF(#REF!=0,"-",#REF!) -> #REF! | AG6: Period 5 | AH6: =IF(#REF!=0,"-",#REF!) -> #REF! | AI6: =IF(#REF!=0,"-",#REF!) -> #REF! | AJ6: =IF(#REF!=0,"-",#REF!) -> #REF! | AK6: =IF(#REF!=0,"-",#REF!) -> #REF! | AL6: =IF(#REF!=0,"-",#REF!) -> #REF! | AM6: =IF(#REF!=0,"-",#REF!) -> #REF! | AN6: Period 6 | AO6: =IF(#REF!=0,"-",#REF!) -> #REF! | AP6: =IF(#REF!=0,"-",#REF!) -> #REF! | AQ6: =IF(#REF!=0,"-",#REF!) -> #REF! | AR6: =IF(#REF!=0,"-",#REF!) -> #REF! | AS6: =IF(#REF!=0,"-",#REF!) -> #REF! | AT6: =IF(#REF!=0,"-",#REF!) -> #REF! | AU6: Period 7 | AV6: =IF(#REF!=0,"-",#REF!) -> #REF! | AW6: =IF(#REF!=0,"-",#REF!) -> #REF! | AX6: =IF(#REF!=0,"-",#REF!) -> #REF! | AY6: =IF(#REF!=0,"-",#REF!) -> #REF! | AZ6: =IF(#REF!=0,"-",#REF!) -> #REF! | BA6: =IF(#REF!=0,"-",#REF!) -> #REF! | BB6: Period 8 | BC6: =IF(#REF!=0,"-",#REF!) -> #REF! | BD6: =IF(#REF!=0,"-",#REF!) -> #REF! | BE6: =IF(#REF!=0,"-",#REF!) -> #REF! | BF6: =IF(#REF!=0,"-",#REF!) -> #REF! | BG6: =IF(#REF!=0,"-",#REF!) -> #REF! | BH6: =IF(#REF!=0,"-",#REF!) -> #REF! | BI6: Period 9 | BJ6: =IF(#REF!=0,"-",#REF!) -> #REF! | BK6: =IF(#REF!=0,"-",#REF!) -> #REF! | BL6: =IF(#REF!=0,"-",#REF!) -> #REF! | BM6: =IF(#REF!=0,"-",#REF!) -> #REF! | BN6: =IF(#REF!=0,"-",#REF!) -> #REF! | BO6: =IF(#REF!=0,"-",#REF!) -> #REF! | BP6: Period 10 | BQ6: =IF(#REF!=0,"-",#REF!) -> #REF! | BR6: =IF(#REF!="-",0,#REF!) -> #REF! | BS6: =IF(#REF!=0,"-",#REF!) -> #REF! | BT6: =IF(#REF!=0,"-",#REF!) -> #REF! | BU6: =IF(#REF!=0,"-",#REF!) -> #REF! | BV6: =IF(#REF!=0,"-",#REF!) -> #REF! | BW6: Period 11 | BX6: =IF(#REF!=0,"-",#REF!) -> #REF! | BY6: =IF(#REF!=0,"-",#REF!) -> #REF! | BZ6: =IF(#REF!=0,"-",#REF!) -> #REF! | CA6: =IF(#REF!=0,"-",#REF!) -> #REF! | CB6: =IF(#REF!=0,"-",#REF!) -> #REF! | CC6: =IF(#REF!=0,"-",#REF!) -> #REF! | CD6: Period 12 | CE6: =IF(#REF!=0,"-",#REF!) -> #REF! | CF6: =IF(#REF!=0,"-",#REF!) -> #REF! | CG6: =IF(#REF!=0,"-",#REF!) -> #REF! | CH6: =IF(#REF!=0,"-",#REF!) -> #REF! | CI6: =IF(#REF!=0,"-",#REF!) -> #REF! | CJ6: =IF(#REF!=0,"-",#REF!) -> #REF! | CK6: Period 13 | CL6: =IF(#REF!=0,"-",#REF!) -> #REF! | CM6: =IF(#REF!=0,"-",#REF!) -> #REF! | CN6: =IF(#REF!=0,"-",#REF!) -> #REF! | CO6: =IF(#REF!=0,"-",#REF!) -> #REF! | CP6: =IF(#REF!=0,"-",#REF!) -> #REF! | CQ6: =IF(#REF!=0,"-",#REF!) -> #REF! | CR6: Period 14 | CS6: =IF(#REF!=0,"-",#REF!) -> #REF! | CT6: =IF(#REF!=0,"-",#REF!) -> #REF! | CU6: =IF(#REF!=0,"-",#REF!) -> #REF! | CV6: =IF(#REF!=0,"-",#REF!) -> #REF! | CW6: =IF(#REF!=0,"-",#REF!) -> #REF! | CX6: =IF(#REF!=0,"-",#REF!) -> #REF! | CY6: Period 15 | CZ6: =IF(#REF!=0,"-",#REF!) -> #REF! | DA6: =IF(#REF!=0,"-",#REF!) -> #REF! | DB6: =IF(#REF!=0,"-",#REF!) -> #REF! | DC6: =IF(#REF!=0,"-",#REF!) -> #REF! | DD6: =IF(#REF!=0,"-",#REF!) -> #REF! | DE6: =IF(#REF!=0,"-",#REF!) -> #REF! | DF6: Period 16 | DG6: =IF(#REF!=0,"-",#REF!) -> #REF! | DH6: =IF(#REF!=0,"-",#REF!) -> #REF! | DI6: =IF(#REF!=0,"-",#REF!) -> #REF! | DJ6: =IF(#REF!=0,"-",#REF!) -> #REF! | DK6: =IF(#REF!=0,"-",#REF!) -> #REF! | DL6: =IF(#REF!=0,"-",#REF!) -> #REF! | DM6: Period 17 | DN6: =IF(#REF!=0,"-",#REF!) -> #REF! | DO6: =IF(#REF!=0,"-",#REF!) -> #REF! | DP6: =IF(#REF!=0,"-",#REF!) -> #REF! | DQ6: =IF(#REF!=0,"-",#REF!) -> #REF! | DR6: =IF(#REF!=0,"-",#REF!) -> #REF! | DS6: =IF(#REF!=0,"-",#REF!) -> #REF! | DT6: Period 18 | DU6: =IF(#REF!=0,"-",#REF!) -> #REF! | DV6: =IF(#REF!=0,"-",#REF!) -> #REF! | DW6: =IF(#REF!=0,"-",#REF!) -> #REF! | DX6: =IF(#REF!=0,"-",#REF!) -> #REF! | DY6: =IF(#REF!=0,"-",#REF!) -> #REF! | DZ6: =IF(#REF!=0,"-",#REF!) -> #REF! | EA6: Period 19 | EB6: =IF(#REF!=0,"-",#REF!) -> #REF! | EC6: =IF(#REF!=0,"-",#REF!) -> #REF! | ED6: =IF(#REF!=0,"-",#REF!) -> #REF! | EE6: =IF(#REF!=0,"-",#REF!) -> #REF! | EF6: =IF(#REF!=0,"-",#REF!) -> #REF! | EG6: =IF(#REF!=0,"-",#REF!) -> #REF! | EH6: Period 20 | EI6: =IF(#REF!=0,"-",#REF!) -> #REF! | EJ6: =IF(#REF!=0,"-",#REF!) -> #REF! | EK6: =IF(#REF!=0,"-",#REF!) -> #REF! | EL6: =IF(#REF!=0,"-",#REF!) -> #REF! | EM6: =IF(#REF!=0,"-",#REF!) -> #REF! | EN6: =IF(#REF!=0,"-",#REF!) -> #REF! | ES6: =C6 -> #REF! | ET6: BEGINNING of the school year for STUDENTS | EU6: =IF(#REF!=0,"",#REF!) -> #REF! | EV6: =IF(OR(#REF!=0,#REF!=""),"",#REF!) -> #REF! | EW6: =EV6 -> #REF! | EZ6: =IF(#REF!=0,"",#REF!) -> #REF! | FA6: END of the school year for STUDENTS (NOT shown on graph) | FB6: =IF(#REF!=0,"",#REF!) -> #REF! | FC6: =IF(OR(#REF!=0,#REF!=""),"",#REF!) -> #REF! | FD6: =FC6 -> #REF! | FE6: - | FF6: - | FG6: =IF(#REF!=0,"-",#REF!) -> #REF! | FH6: BEGINNING of the school year for TEACHERS (NOT shown on graph) | FI6: =IF(#REF!=0,"-",#REF!) -> #REF! | FJ6: =IF(#REF!=0,"-",#REF!) -> #REF! | FK6: =IF(#REF!=0,"-",#REF!) -> #REF! | FL6: - | FM6: - | FN6: =IF(#REF!=0,"-",#REF!) -> #REF! | FO6: END of the school year for TEACHERS (NOT shown on graph) | FP6: =IF(#REF!=0,"-",#REF!) -> #REF! | FQ6: =IF(#REF!=0,"-",#REF!) -> #REF! | FR6: =IF(#REF!=0,"-",#REF!) -> #REF! | FS6: - | FT6: - | FU6: =IF(#REF!=0,"-",#REF!) -> #REF!
A7: =#REF! -> #REF! | B7: =B6 -> Country_code | C7: {=MID(CELL("filename",#REF!),FIND("]",CELL("filename",#REF!))+1,255)} -> #REF! | D7: =#REF! -> #REF! | E7: =#REF! -> #REF! | F7: =IF(#REF!=0,"-",#REF!) -> #REF! | G7: =IF(#REF!=0,"-",#REF!) -> #REF! | H7: =IF(#REF!=0,"-",#REF!) -> #REF! | I7: =IF(#REF!=0,"-",#REF!) -> #REF! | J7: =IF(#REF!=0,"-",#REF!) -> #REF! | K7: =IF(#REF!=0,"-",#REF!) -> #REF! | L7: Period 2 | M7: =IF(#REF!=0,"-",#REF!) -> #REF! | N7: =IF(#REF!=0,"-",#REF!) -> #REF! | O7: =IF(#REF!=0,"-",#REF!) -> #REF! | P7: =IF(#REF!=0,"-",#REF!) -> #REF! | Q7: =IF(#REF!=0,"-",#REF!) -> #REF! | R7: =IF(#REF!=0,"-",#REF!) -> #REF! | S7: Period 3 | T7: =IF(#REF!=0,"-",#REF!) -> #REF! | U7: =IF(#REF!=0,"-",#REF!) -> #REF! | V7: =IF(#REF!=0,"-",#REF!) -> #REF! | W7: =IF(#REF!=0,"-",#REF!) -> #REF! | X7: =IF(#REF!=0,"-",#REF!) -> #REF! | Y7: =IF(#REF!=0,"-",#REF!) -> #REF! | Z7: Period 4 | AA7: =IF(#REF!=0,"-",#REF!) -> #REF! | AB7: =IF(#REF!=0,"-",#REF!) -> #REF! | AC7: =IF(#REF!=0,"-",#REF!) -> #REF! | AD7: =IF(#REF!=0,"-",#REF!) -> #REF! | AE7: =IF(#REF!=0,"-",#REF!) -> #REF! | AF7: =IF(#REF!=0,"-",#REF!) -> #REF! | AG7: Period 5 | AH7: =IF(#REF!=0,"-",#REF!) -> #REF! | AI7: =IF(#REF!=0,"-",#REF!) -> #REF! | AJ7: =IF(#REF!=0,"-",#REF!) -> #REF! | AK7: =IF(#REF!=0,"-",#REF!) -> #REF! | AL7: =IF(#REF!=0,"-",#REF!) -> #REF! | AM7: =IF(#REF!=0,"-",#REF!) -> #REF! | AN7: Period 6 | AO7: =IF(#REF!=0,"-",#REF!) -> #REF! | AP7: =IF(#REF!=0,"-",#REF!) -> #REF! | AQ7: =IF(#REF!=0,"-",#REF!) -> #REF! | AR7: =IF(#REF!=0,"-",#REF!) -> #REF! | AS7: =IF(#REF!=0,"-",#REF!) -> #REF! | AT7: =IF(#REF!=0,"-",#REF!) -> #REF! | AU7: Period 7 | AV7: =IF(#REF!=0,"-",#REF!) -> #REF! | AW7: =IF(#REF!=0,"-",#REF!) -> #REF! | AX7: =IF(#REF!=0,"-",#REF!) -> #REF! | AY7: =IF(#REF!=0,"-",#REF!) -> #REF! | AZ7: =IF(#REF!=0,"-",#REF!) -> #REF! | BA7: =IF(#REF!=0,"-",#REF!) -> #REF! | BB7: Period 8 | BC7: =IF(#REF!=0,"-",#REF!) -> #REF! | BD7: =IF(#REF!=0,"-",#REF!) -> #REF! | BE7: =IF(#REF!=0,"-",#REF!) -> #REF! | BF7: =IF(#REF!=0,"-",#REF!) -> #REF! | BG7: =IF(#REF!=0,"-",#REF!) -> #REF! | BH7: =IF(#REF!=0,"-",#REF!) -> #REF! | BI7: Period 9 | BJ7: =IF(#REF!=0,"-",#REF!) -> #REF! | BK7: =IF(#REF!=0,"-",#REF!) -> #REF! | BL7: =IF(#REF!=0,"-",#REF!) -> #REF! | BM7: =IF(#REF!=0,"-",#REF!) -> #REF! | BN7: =IF(#REF!=0,"-",#REF!) -> #REF! | BO7: =IF(#REF!=0,"-",#REF!) -> #REF! | BP7: Period 10 | BQ7: =IF(#REF!=0,"-",#REF!) -> #REF! | BR7: =IF(#REF!="-",0,#REF!) -> #REF! | BS7: =IF(#REF!=0,"-",#REF!) -> #REF! | BT7: =IF(#REF!=0,"-",#REF!) -> #REF! | BU7: =IF(#REF!=0,"-",#REF!) -> #REF! | BV7: =IF(#REF!=0,"-",#REF!) -> #REF! | BW7: Period 11 | BX7: =IF(#REF!=0,"-",#REF!) -> #REF! | BY7: =IF(#REF!=0,"-",#REF!) -> #REF! | BZ7: =IF(#REF!=0,"-",#REF!) -> #REF! | CA7: =IF(#REF!=0,"-",#REF!) -> #REF! | CB7: =IF(#REF!=0,"-",#REF!) -> #REF! | CC7: =IF(#REF!=0,"-",#REF!) -> #REF! | CD7: Period 12 | CE7: =IF(#REF!=0,"-",#REF!) -> #REF! | CF7: =IF(#REF!=0,"-",#REF!) -> #REF! | CG7: =IF(#REF!=0,"-",#REF!) -> #REF! | CH7: =IF(#REF!=0,"-",#REF!) -> #REF! | CI7: =IF(#REF!=0,"-",#REF!) -> #REF! | CJ7: =IF(#REF!=0,"-",#REF!) -> #REF! | CK7: Period 13 | CL7: =IF(#REF!=0,"-",#REF!) -> #REF! | CM7: =IF(#REF!=0,"-",#REF!) -> #REF! | CN7: =IF(#REF!=0,"-",#REF!) -> #REF! | CO7: =IF(#REF!=0,"-",#REF!) -> #REF! | CP7: =IF(#REF!=0,"-",#REF!) -> #REF! | CQ7: =IF(#REF!=0,"-",#REF!) -> #REF! | CR7: Period 14 | CS7: =IF(#REF!=0,"-",#REF!) -> #REF! | CT7: =IF(#REF!=0,"-",#REF!) -> #REF! | CU7: =IF(#REF!=0,"-",#REF!) -> #REF! | CV7: =IF(#REF!=0,"-",#REF!) -> #REF! | CW7: =IF(#REF!=0,"-",#REF!) -> #REF! | CX7: =IF(#REF!=0,"-",#REF!) -> #REF! | CY7: Period 15 | CZ7: =IF(#REF!=0,"-",#REF!) -> #REF! | DA7: =IF(#REF!=0,"-",#REF!) -> #REF! | DB7: =IF(#REF!=0,"-",#REF!) -> #REF! | DC7: =IF(#REF!=0,"-",#REF!) -> #REF! | DD7: =IF(#REF!=0,"-",#REF!) -> #REF! | DE7: =IF(#REF!=0,"-",#REF!) -> #REF! | DF7: Period 16 | DG7: =IF(#REF!=0,"-",#REF!) -> #REF! | DH7: =IF(#REF!=0,"-",#REF!) -> #REF! | DI7: =IF(#REF!=0,"-",#REF!) -> #REF! | DJ7: =IF(#REF!=0,"-",#REF!) -> #REF! | DK7: =IF(#REF!=0,"-",#REF!) -> #REF! | DL7: =IF(#REF!=0,"-",#REF!) -> #REF! | DM7: Period 17 | DN7: =IF(#REF!=0,"-",#REF!) -> #REF! | DO7: =IF(#REF!=0,"-",#REF!) -> #REF! | DP7: =IF(#REF!=0,"-",#REF!) -> #REF! | DQ7: =IF(#REF!=0,"-",#REF!) -> #REF! | DR7: =IF(#REF!=0,"-",#REF!) -> #REF! | DS7: =IF(#REF!=0,"-",#REF!) -> #REF! | DT7: Period 18 | DU7: =IF(#REF!=0,"-",#REF!) -> #REF! | DV7: =IF(#REF!=0,"-",#REF!) -> #REF! | DW7: =IF(#REF!=0,"-",#REF!) -> #REF! | DX7: =IF(#REF!=0,"-",#REF!) -> #REF! | DY7: =IF(#REF!=0,"-",#REF!) -> #REF! | DZ7: =IF(#REF!=0,"-",#REF!) -> #REF! | EA7: Period 19 | EB7: =IF(#REF!=0,"-",#REF!) -> #REF! | EC7: =IF(#REF!=0,"-",#REF!) -> #REF! | ED7: =IF(#REF!=0,"-",#REF!) -> #REF! | EE7: =IF(#REF!=0,"-",#REF!) -> #REF! | EF7: =IF(#REF!=0,"-",#REF!) -> #REF! | EG7: =IF(#REF!=0,"-",#REF!) -> #REF! | EH7: Period 20 | EI7: =IF(#REF!=0,"-",#REF!) -> #REF! | EJ7: =IF(#REF!=0,"-",#REF!) -> #REF! | EK7: =IF(#REF!=0,"-",#REF!) -> #REF! | EL7: =IF(#REF!=0,"-",#REF!) -> #REF! | EM7: =IF(#REF!=0,"-",#REF!) -> #REF! | EN7: =IF(#REF!=0,"-",#REF!) -> #REF! | ES7: =C7 -> #REF! | ET7: BEGINNING of the school year for STUDENTS | EU7: =IF(#REF!=0,"",#REF!) -> #REF! | EV7: =IF(OR(#REF!=0,#REF!=""),"",#REF!) -> #REF! | EW7: =EV7 -> #REF! | EZ7: =IF(#REF!=0,"",#REF!) -> #REF! | FA7: END of the school year for STUDENTS (NOT shown on graph) | FB7: =IF(#REF!=0,"",#REF!) -> #REF! | FC7: =IF(OR(#REF!=0,#REF!=""),"",#REF!) -> #REF! | FD7: =FC7 -> #REF! | FE7: - | FF7: - | FG7: =IF(#REF!=0,"-",#REF!) -> #REF! | FH7: BEGINNING of the school year for TEACHERS (NOT shown on graph) | FI7: =IF(#REF!=0,"-",#REF!) -> #REF! | FJ7: =IF(#REF!=0,"-",#REF!) -> #REF! | FK7: =IF(#REF!=0,"-",#REF!) -> #REF! | FL7: - | FM7: - | FN7: =IF(#REF!=0,"-",#REF!) -> #REF! | FO7: END of the school year for TEACHERS (NOT shown on graph) | FP7: =IF(#REF!=0,"-",#REF!) -> #REF! | FQ7: =IF(#REF!=0,"-",#REF!) -> #REF! | FR7: =IF(#REF!=0,"-",#REF!) -> #REF! | FS7: - | FT7: - | FU7: =IF(#REF!=0,"-",#REF!) -> #REF!
A8: =#REF! -> #REF! | B8: =B7 -> Country_code | C8: {=MID(CELL("filename",#REF!),FIND("]",CELL("filename",#REF!))+1,255)} -> #REF! | D8: =#REF! -> #REF! | E8: =#REF! -> #REF! | F8: =IF(#REF!=0,"-",#REF!) -> #REF! | G8: =IF(#REF!=0,"-",#REF!) -> #REF! | H8: =IF(#REF!=0,"-",#REF!) -> #REF! | I8: =IF(#REF!=0,"-",#REF!) -> #REF! | J8: =IF(#REF!=0,"-",#REF!) -> #REF! | K8: =IF(#REF!=0,"-",#REF!) -> #REF! | L8: Period 2 | M8: =IF(#REF!=0,"-",#REF!) -> #REF! | N8: =IF(#REF!=0,"-",#REF!) -> #REF! | O8: =IF(#REF!=0,"-",#REF!) -> #REF! | P8: =IF(#REF!=0,"-",#REF!) -> #REF! | Q8: =IF(#REF!=0,"-",#REF!) -> #REF! | R8: =IF(#REF!=0,"-",#REF!) -> #REF! | S8: Period 3 | T8: =IF(#REF!=0,"-",#REF!) -> #REF! | U8: =IF(#REF!=0,"-",#REF!) -> #REF! | V8: =IF(#REF!=0,"-",#REF!) -> #REF! | W8: =IF(#REF!=0,"-",#REF!) -> #REF! | X8: =IF(#REF!=0,"-",#REF!) -> #REF! | Y8: =IF(#REF!=0,"-",#REF!) -> #REF! | Z8: Period 4 | AA8: =IF(#REF!=0,"-",#REF!) -> #REF! | AB8: =IF(#REF!=0,"-",#REF!) -> #REF! | AC8: =IF(#REF!=0,"-",#REF!) -> #REF! | AD8: =IF(#REF!=0,"-",#REF!) -> #REF! | AE8: =IF(#REF!=0,"-",#REF!) -> #REF! | AF8: =IF(#REF!=0,"-",#REF!) -> #REF! | AG8: Period 5 | AH8: =IF(#REF!=0,"-",#REF!) -> #REF! | AI8: =IF(#REF!=0,"-",#REF!) -> #REF! | AJ8: =IF(#REF!=0,"-",#REF!) -> #REF! | AK8: =IF(#REF!=0,"-",#REF!) -> #REF! | AL8: =IF(#REF!=0,"-",#REF!) -> #REF! | AM8: =IF(#REF!=0,"-",#REF!) -> #REF! | AN8: Period 6 | AO8: =IF(#REF!=0,"-",#REF!) -> #REF! | AP8: =IF(#REF!=0,"-",#REF!) -> #REF! | AQ8: =IF(#REF!=0,"-",#REF!) -> #REF! | AR8: =IF(#REF!=0,"-",#REF!) -> #REF! | AS8: =IF(#REF!=0,"-",#REF!) -> #REF! | AT8: =IF(#REF!=0,"-",#REF!) -> #REF! | AU8: Period 7 | AV8: =IF(#REF!=0,"-",#REF!) -> #REF! | AW8: =IF(#REF!=0,"-",#REF!) -> #REF! | AX8: =IF(#REF!=0,"-",#REF!) -> #REF! | AY8: =IF(#REF!=0,"-",#REF!) -> #REF! | AZ8: =IF(#REF!=0,"-",#REF!) -> #REF! | BA8: =IF(#REF!=0,"-",#REF!) -> #REF! | BB8: Period 8 | BC8: =IF(#REF!=0,"-",#REF!) -> #REF! | BD8: =IF(#REF!=0,"-",#REF!) -> #REF! | BE8: =IF(#REF!=0,"-",#REF!) -> #REF! | BF8: =IF(#REF!=0,"-",#REF!) -> #REF! | BG8: =IF(#REF!=0,"-",#REF!) -> #REF! | BH8: =IF(#REF!=0,"-",#REF!) -> #REF! | BI8: Period 9 | BJ8: =IF(#REF!=0,"-",#REF!) -> #REF! | BK8: =IF(#REF!=0,"-",#REF!) -> #REF! | BL8: =IF(#REF!=0,"-",#REF!) -> #REF! | BM8: =IF(#REF!=0,"-",#REF!) -> #REF! | BN8: =IF(#REF!=0,"-",#REF!) -> #REF! | BO8: =IF(#REF!=0,"-",#REF!) -> #REF! | BP8: Period 10 | BQ8: =IF(#REF!=0,"-",#REF!) -> #REF! | BR8: =IF(#REF!="-",0,#REF!) -> #REF! | BS8: =IF(#REF!=0,"-",#REF!) -> #REF! | BT8: =IF(#REF!=0,"-",#REF!) -> #REF! | BU8: =IF(#REF!=0,"-",#REF!) -> #REF! | BV8: =IF(#REF!=0,"-",#REF!) -> #REF! | BW8: Period 11 | BX8: =IF(#REF!=0,"-",#REF!) -> #REF! | BY8: =IF(#REF!=0,"-",#REF!) -> #REF! | BZ8: =IF(#REF!=0,"-",#REF!) -> #REF! | CA8: =IF(#REF!=0,"-",#REF!) -> #REF! | CB8: =IF(#REF!=0,"-",#REF!) -> #REF! | CC8: =IF(#REF!=0,"-",#REF!) -> #REF! | CD8: Period 12 | CE8: =IF(#REF!=0,"-",#REF!) -> #REF! | CF8: =IF(#REF!=0,"-",#REF!) -> #REF! | CG8: =IF(#REF!=0,"-",#REF!) -> #REF! | CH8: =IF(#REF!=0,"-",#REF!) -> #REF! | CI8: =IF(#REF!=0,"-",#REF!) -> #REF! | CJ8: =IF(#REF!=0,"-",#REF!) -> #REF! | CK8: Period 13 | CL8: =IF(#REF!=0,"-",#REF!) -> #REF! | CM8: =IF(#REF!=0,"-",#REF!) -> #REF! | CN8: =IF(#REF!=0,"-",#REF!) -> #REF! | CO8: =IF(#REF!=0,"-",#REF!) -> #REF! | CP8: =IF(#REF!=0,"-",#REF!) -> #REF! | CQ8: =IF(#REF!=0,"-",#REF!) -> #REF! | CR8: Period 14 | CS8: =IF(#REF!=0,"-",#REF!) -> #REF! | CT8: =IF(#REF!=0,"-",#REF!) -> #REF! | CU8: =IF(#REF!=0,"-",#REF!) -> #REF! | CV8: =IF(#REF!=0,"-",#REF!) -> #REF! | CW8: =IF(#REF!=0,"-",#REF!) -> #REF! | CX8: =IF(#REF!=0,"-",#REF!) -> #REF! | CY8: Period 15 | CZ8: =IF(#REF!=0,"-",#REF!) -> #REF! | DA8: =IF(#REF!=0,"-",#REF!) -> #REF! | DB8: =IF(#REF!=0,"-",#REF!) -> #REF! | DC8: =IF(#REF!=0,"-",#REF!) -> #REF! | DD8: =IF(#REF!=0,"-",#REF!) -> #REF! | DE8: =IF(#REF!=0,"-",#REF!) -> #REF! | DF8: Period 16 | DG8: =IF(#REF!=0,"-",#REF!) -> #REF! | DH8: =IF(#REF!=0,"-",#REF!) -> #REF! | DI8: =IF(#REF!=0,"-",#REF!) -> #REF! | DJ8: =IF(#REF!=0,"-",#REF!) -> #REF! | DK8: =IF(#REF!=0,"-",#REF!) -> #REF! | DL8: =IF(#REF!=0,"-",#REF!) -> #REF! | DM8: Period 17 | DN8: =IF(#REF!=0,"-",#REF!) -> #REF! | DO8: =IF(#REF!=0,"-",#REF!) -> #REF! | DP8: =IF(#REF!=0,"-",#REF!) -> #REF! | DQ8: =IF(#REF!=0,"-",#REF!) -> #REF! | DR8: =IF(#REF!=0,"-",#REF!) -> #REF! | DS8: =IF(#REF!=0,"-",#REF!) -> #REF! | DT8: Period 18 | DU8: =IF(#REF!=0,"-",#REF!) -> #REF! | DV8: =IF(#REF!=0,"-",#REF!) -> #REF! | DW8: =IF(#REF!=0,"-",#REF!) -> #REF! | DX8: =IF(#REF!=0,"-",#REF!) -> #REF! | DY8: =IF(#REF!=0,"-",#REF!) -> #REF! | DZ8: =IF(#REF!=0,"-",#REF!) -> #REF! | EA8: Period 19 | EB8: =IF(#REF!=0,"-",#REF!) -> #REF! | EC8: =IF(#REF!=0,"-",#REF!) -> #REF! | ED8: =IF(#REF!=0,"-",#REF!) -> #REF! | EE8: =IF(#REF!=0,"-",#REF!) -> #REF! | EF8: =IF(#REF!=0,"-",#REF!) -> #REF! | EG8: =IF(#REF!=0,"-",#REF!) -> #REF! | EH8: Period 20 | EI8: =IF(#REF!=0,"-",#REF!) -> #REF! | EJ8: =IF(#REF!=0,"-",#REF!) -> #REF! | EK8: =IF(#REF!=0,"-",#REF!) -> #REF! | EL8: =IF(#REF!=0,"-",#REF!) -> #REF! | EM8: =IF(#REF!=0,"-",#REF!) -> #REF! | EN8: =IF(#REF!=0,"-",#REF!) -> #REF! | ES8: =C8 -> #REF! | ET8: BEGINNING of the school year for STUDENTS | EU8: =IF(#REF!=0,"",#REF!) -> #REF! | EV8: =IF(OR(#REF!=0,#REF!=""),"",#REF!) -> #REF! | EW8: =EV8 -> #REF! | EZ8: =IF(#REF!=0,"",#REF!) -> #REF! | FA8: END of the school year for STUDENTS (NOT shown on graph) | FB8: =IF(#REF!=0,"",#REF!) -> #REF! | FC8: =IF(OR(#REF!=0,#REF!=""),"",#REF!) -> #REF! | FD8: =FC8 -> #REF! | FE8: - | FF8: - | FG8: =IF(#REF!=0,"-",#REF!) -> #REF! | FH8: BEGINNING of the school year for TEACHERS (NOT shown on graph) | FI8: =IF(#REF!=0,"-",#REF!) -> #REF! | FJ8: =IF(#REF!=0,"-",#REF!) -> #REF! | FK8: =IF(#REF!=0,"-",#REF!) -> #REF! | FL8: - | FM8: - | FN8: =IF(#REF!=0,"-",#REF!) -> #REF! | FO8: END of the school year for TEACHERS (NOT shown on graph) | FP8: =IF(#REF!=0,"-",#REF!) -> #REF! | FQ8: =IF(#REF!=0,"-",#REF!) -> #REF! | FR8: =IF(#REF!=0,"-",#REF!) -> #REF! | FS8: - | FT8: - | FU8: =IF(#REF!=0,"-",#REF!) -> #REF!
A9: =#REF! -> #REF! | B9: =B8 -> Country_code | C9: {=MID(CELL("filename",#REF!),FIND("]",CELL("filename",#REF!))+1,255)} -> #REF! | D9: =#REF! -> #REF! | E9: =#REF! -> #REF! | F9: =IF(#REF!=0,"-",#REF!) -> #REF! | G9: =IF(#REF!=0,"-",#REF!) -> #REF! | H9: =IF(#REF!=0,"-",#REF!) -> #REF! | I9: =IF(#REF!=0,"-",#REF!) -> #REF! | J9: =IF(#REF!=0,"-",#REF!) -> #REF! | K9: =IF(#REF!=0,"-",#REF!) -> #REF! | L9: Period 2 | M9: =IF(#REF!=0,"-",#REF!) -> #REF! | N9: =IF(#REF!=0,"-",#REF!) -> #REF! | O9: =IF(#REF!=0,"-",#REF!) -> #REF! | P9: =IF(#REF!=0,"-",#REF!) -> #REF! | Q9: =IF(#REF!=0,"-",#REF!) -> #REF! | R9: =IF(#REF!=0,"-",#REF!) -> #REF! | S9: Period 3 | T9: =IF(#REF!=0,"-",#REF!) -> #REF! | U9: =IF(#REF!=0,"-",#REF!) -> #REF! | V9: =IF(#REF!=0,"-",#REF!) -> #REF! | W9: =IF(#REF!=0,"-",#REF!) -> #REF! | X9: =IF(#REF!=0,"-",#REF!) -> #REF! | Y9: =IF(#REF!=0,"-",#REF!) -> #REF! | Z9: Period 4 | AA9: =IF(#REF!=0,"-",#REF!) -> #REF! | AB9: =IF(#REF!=0,"-",#REF!) -> #REF! | AC9: =IF(#REF!=0,"-",#REF!) -> #REF! | AD9: =IF(#REF!=0,"-",#REF!) -> #REF! | AE9: =IF(#REF!=0,"-",#REF!) -> #REF! | AF9: =IF(#REF!=0,"-",#REF!) -> #REF! | AG9: Period 5 | AH9: =IF(#REF!=0,"-",#REF!) -> #REF! | AI9: =IF(#REF!=0,"-",#REF!) -> #REF! | AJ9: =IF(#REF!=0,"-",#REF!) -> #REF! | AK9: =IF(#REF!=0,"-",#REF!) -> #REF! | AL9: =IF(#REF!=0,"-",#REF!) -> #REF! | AM9: =IF(#REF!=0,"-",#REF!) -> #REF! | AN9: Period 6 | AO9: =IF(#REF!=0,"-",#REF!) -> #REF! | AP9: =IF(#REF!=0,"-",#REF!) -> #REF! | AQ9: =IF(#REF!=0,"-",#REF!) -> #REF! | AR9: =IF(#REF!=0,"-",#REF!) -> #REF! | AS9: =IF(#REF!=0,"-",#REF!) -> #REF! | AT9: =IF(#REF!=0,"-",#REF!) -> #REF! | AU9: Period 7 | AV9: =IF(#REF!=0,"-",#REF!) -> #REF! | AW9: =IF(#REF!=0,"-",#REF!) -> #REF! | AX9: =IF(#REF!=0,"-",#REF!) -> #REF! | AY9: =IF(#REF!=0,"-",#REF!) -> #REF! | AZ9: =IF(#REF!=0,"-",#REF!) -> #REF! | BA9: =IF(#REF!=0,"-",#REF!) -> #REF! | BB9: Period 8 | BC9: =IF(#REF!=0,"-",#REF!) -> #REF! | BD9: =IF(#REF!=0,"-",#REF!) -> #REF! | BE9: =IF(#REF!=0,"-",#REF!) -> #REF! | BF9: =IF(#REF!=0,"-",#REF!) -> #REF! | BG9: =IF(#REF!=0,"-",#REF!) -> #REF! | BH9: =IF(#REF!=0,"-",#REF!) -> #REF! | BI9: Period 9 | BJ9: =IF(#REF!=0,"-",#REF!) -> #REF! | BK9: =IF(#REF!=0,"-",#REF!) -> #REF! | BL9: =IF(#REF!=0,"-",#REF!) -> #REF! | BM9: =IF(#REF!=0,"-",#REF!) -> #REF! | BN9: =IF(#REF!=0,"-",#REF!) -> #REF! | BO9: =IF(#REF!=0,"-",#REF!) -> #REF! | BP9: Period 10 | BQ9: =IF(#REF!=0,"-",#REF!) -> #REF! | BR9: =IF(#REF!="-",0,#REF!) -> #REF! | BS9: =IF(#REF!=0,"-",#REF!) -> #REF! | BT9: =IF(#REF!=0,"-",#REF!) -> #REF! | BU9: =IF(#REF!=0,"-",#REF!) -> #REF! | BV9: =IF(#REF!=0,"-",#REF!) -> #REF! | BW9: Period 11 | BX9: =IF(#REF!=0,"-",#REF!) -> #REF! | BY9: =IF(#REF!=0,"-",#REF!) -> #REF! | BZ9: =IF(#REF!=0,"-",#REF!) -> #REF! | CA9: =IF(#REF!=0,"-",#REF!) -> #REF! | CB9: =IF(#REF!=0,"-",#REF!) -> #REF! | CC9: =IF(#REF!=0,"-",#REF!) -> #REF! | CD9: Period 12 | CE9: =IF(#REF!=0,"-",#REF!) -> #REF! | CF9: =IF(#REF!=0,"-",#REF!) -> #REF! | CG9: =IF(#REF!=0,"-",#REF!) -> #REF! | CH9: =IF(#REF!=0,"-",#REF!) -> #REF! | CI9: =IF(#REF!=0,"-",#REF!) -> #REF! | CJ9: =IF(#REF!=0,"-",#REF!) -> #REF! | CK9: Period 13 | CL9: =IF(#REF!=0,"-",#REF!) -> #REF! | CM9: =IF(#REF!=0,"-",#REF!) -> #REF! | CN9: =IF(#REF!=0,"-",#REF!) -> #REF! | CO9: =IF(#REF!=0,"-",#REF!) -> #REF! | CP9: =IF(#REF!=0,"-",#REF!) -> #REF! | CQ9: =IF(#REF!=0,"-",#REF!) -> #REF! | CR9: Period 14 | CS9: =IF(#REF!=0,"-",#REF!) -> #REF! | CT9: =IF(#REF!=0,"-",#REF!) -> #REF! | CU9: =IF(#REF!=0,"-",#REF!) -> #REF! | CV9: =IF(#REF!=0,"-",#REF!) -> #REF! | CW9: =IF(#REF!=0,"-",#REF!) -> #REF! | CX9: =IF(#REF!=0,"-",#REF!) -> #REF! | CY9: Period 15 | CZ9: =IF(#REF!=0,"-",#REF!) -> #REF! | DA9: =IF(#REF!=0,"-",#REF!) -> #REF! | DB9: =IF(#REF!=0,"-",#REF!) -> #REF! | DC9: =IF(#REF!=0,"-",#REF!) -> #REF! | DD9: =IF(#REF!=0,"-",#REF!) -> #REF! | DE9: =IF(#REF!=0,"-",#REF!) -> #REF! | DF9: Period 16 | DG9: =IF(#REF!=0,"-",#REF!) -> #REF! | DH9: =IF(#REF!=0,"-",#REF!) -> #REF! | DI9: =IF(#REF!=0,"-",#REF!) -> #REF! | DJ9: =IF(#REF!=0,"-",#REF!) -> #REF! | DK9: =IF(#REF!=0,"-",#REF!) -> #REF! | DL9: =IF(#REF!=0,"-",#REF!) -> #REF! | DM9: Period 17 | DN9: =IF(#REF!=0,"-",#REF!) -> #REF! | DO9: =IF(#REF!=0,"-",#REF!) -> #REF! | DP9: =IF(#REF!=0,"-",#REF!) -> #REF! | DQ9: =IF(#REF!=0,"-",#REF!) -> #REF! | DR9: =IF(#REF!=0,"-",#REF!) -> #REF! | DS9: =IF(#REF!=0,"-",#REF!) -> #REF! | DT9: Period 18 | DU9: =IF(#REF!=0,"-",#REF!) -> #REF! | DV9: =IF(#REF!=0,"-",#REF!) -> #REF! | DW9: =IF(#REF!=0,"-",#REF!) -> #REF! | DX9: =IF(#REF!=0,"-",#REF!) -> #REF! | DY9: =IF(#REF!=0,"-",#REF!) -> #REF! | DZ9: =IF(#REF!=0,"-",#REF!) -> #REF! | EA9: Period 19 | EB9: =IF(#REF!=0,"-",#REF!) -> #REF! | EC9: =IF(#REF!=0,"-",#REF!) -> #REF! | ED9: =IF(#REF!=0,"-",#REF!) -> #REF! | EE9: =IF(#REF!=0,"-",#REF!) -> #REF! | EF9: =IF(#REF!=0,"-",#REF!) -> #REF! | EG9: =IF(#REF!=0,"-",#REF!) -> #REF! | EH9: Period 20 | EI9: =IF(#REF!=0,"-",#REF!) -> #REF! | EJ9: =IF(#REF!=0,"-",#REF!) -> #REF! | EK9: =IF(#REF!=0,"-",#REF!) -> #REF! | EL9: =IF(#REF!=0,"-",#REF!) -> #REF! | EM9: =IF(#REF!=0,"-",#REF!) -> #REF! | EN9: =IF(#REF!=0,"-",#REF!) -> #REF! | ES9: =C9 -> #REF! | ET9: BEGINNING of the school year for STUDENTS | EU9: =IF(#REF!=0,"",#REF!) -> #REF! | EV9: =IF(OR(#REF!=0,#REF!=""),"",#REF!) -> #REF! | EW9: =EV9 -> #REF! | EZ9: =IF(#REF!=0,"",#REF!) -> #REF! | FA9: END of the school year for STUDENTS (NOT shown on graph) | FB9: =IF(#REF!=0,"",#REF!) -> #REF! | FC9: =IF(OR(#REF!=0,#REF!=""),"",#REF!) -> #REF! | FD9: =FC9 -> #REF! | FE9: - | FF9: - | FG9: =IF(#REF!=0,"-",#REF!) -> #REF! | FH9: BEGINNING of the school year for TEACHERS (NOT shown on graph) | FI9: =IF(#REF!=0,"-",#REF!) -> #REF! | FJ9: =IF(#REF!=0,"-",#REF!) -> #REF! | FK9: =IF(#REF!=0,"-",#REF!) -> #REF! | FL9: - | FM9: - | FN9: =IF(#REF!=0,"-",#REF!) -> #REF! | FO9: END of the school year for TEACHERS (NOT shown on graph) | FP9: =IF(#REF!=0,"-",#REF!) -> #REF! | FQ9: =IF(#REF!=0,"-",#REF!) -> #REF! | FR9: =IF(#REF!=0,"-",#REF!) -> #REF! | FS9: - | FT9: - | FU9: =IF(#REF!=0,"-",#REF!) -> #REF!
A10: =#REF! -> #REF! | B10: =B9 -> Country_code | C10: {=MID(CELL("filename",#REF!),FIND("]",CELL("filename",#REF!))+1,255)} -> #REF! | D10: =#REF! -> #REF! | E10: =#REF! -> #REF! | F10: =IF(#REF!=0,"-",#REF!) -> #REF! | G10: =IF(#REF!=0,"-",#REF!) -> #REF! | H10: =IF(#REF!=0,"-",#REF!) -> #REF! | I10: =IF(#REF!=0,"-",#REF!) -> #REF! | J10: =IF(#REF!=0,"-",#REF!) -> #REF! | K10: =IF(#REF!=0,"-",#REF!) -> #REF! | L10: Period 2 | M10: =IF(#REF!=0,"-",#REF!) -> #REF! | N10: =IF(#REF!=0,"-",#REF!) -> #REF! | O10: =IF(#REF!=0,"-",#REF!) -> #REF! | P10: =IF(#REF!=0,"-",#REF!) -> #REF! | Q10: =IF(#REF!=0,"-",#REF!) -> #REF! | R10: =IF(#REF!=0,"-",#REF!) -> #REF! | S10: Period 3 | T10: =IF(#REF!=0,"-",#REF!) -> #REF! | U10: =IF(#REF!=0,"-",#REF!) -> #REF! | V10: =IF(#REF!=0,"-",#REF!) -> #REF! | W10: =IF(#REF!=0,"-",#REF!) -> #REF! | X10: =IF(#REF!=0,"-",#REF!) -> #REF! | Y10: =IF(#REF!=0,"-",#REF!) -> #REF! | Z10: Period 4 | AA10: =IF(#REF!=0,"-",#REF!) -> #REF! | AB10: =IF(#REF!=0,"-",#REF!) -> #REF! | AC10: =IF(#REF!=0,"-",#REF!) -> #REF! | AD10: =IF(#REF!=0,"-",#REF!) -> #REF! | AE10: =IF(#REF!=0,"-",#REF!) -> #REF! | AF10: =IF(#REF!=0,"-",#REF!) -> #REF! | AG10: Period 5 | AH10: =IF(#REF!=0,"-",#REF!) -> #REF! | AI10: =IF(#REF!=0,"-",#REF!) -> #REF! | AJ10: =IF(#REF!=0,"-",#REF!) -> #REF! | AK10: =IF(#REF!=0,"-",#REF!) -> #REF! | AL10: =IF(#REF!=0,"-",#REF!) -> #REF! | AM10: =IF(#REF!=0,"-",#REF!) -> #REF! | AN10: Period 6 | AO10: =IF(#REF!=0,"-",#REF!) -> #REF! | AP10: =IF(#REF!=0,"-",#REF!) -> #REF! | AQ10: =IF(#REF!=0,"-",#REF!) -> #REF! | AR10: =IF(#REF!=0,"-",#REF!) -> #REF! | AS10: =IF(#REF!=0,"-",#REF!) -> #REF! | AT10: =IF(#REF!=0,"-",#REF!) -> #REF! | AU10: Period 7 | AV10: =IF(#REF!=0,"-",#REF!) -> #REF! | AW10: =IF(#REF!=0,"-",#REF!) -> #REF! | AX10: =IF(#REF!=0,"-",#REF!) -> #REF! | AY10: =IF(#REF!=0,"-",#REF!) -> #REF! | AZ10: =IF(#REF!=0,"-",#REF!) -> #REF! | BA10: =IF(#REF!=0,"-",#REF!) -> #REF! | BB10: Period 8 | BC10: =IF(#REF!=0,"-",#REF!) -> #REF! | BD10: =IF(#REF!=0,"-",#REF!) -> #REF! | BE10: =IF(#REF!=0,"-",#REF!) -> #REF! | BF10: =IF(#REF!=0,"-",#REF!) -> #REF! | BG10: =IF(#REF!=0,"-",#REF!) -> #REF! | BH10: =IF(#REF!=0,"-",#REF!) -> #REF! | BI10: Period 9 | BJ10: =IF(#REF!=0,"-",#REF!) -> #REF! | BK10: =IF(#REF!=0,"-",#REF!) -> #REF! | BL10: =IF(#REF!=0,"-",#REF!) -> #REF! | BM10: =IF(#REF!=0,"-",#REF!) -> #REF! | BN10: =IF(#REF!=0,"-",#REF!) -> #REF! | BO10: =IF(#REF!=0,"-",#REF!) -> #REF! | BP10: Period 10 | BQ10: =IF(#REF!=0,"-",#REF!) -> #REF! | BR10: =IF(#REF!="-",0,#REF!) -> #REF! | BS10: =IF(#REF!=0,"-",#REF!) -> #REF! | BT10: =IF(#REF!=0,"-",#REF!) -> #REF! | BU10: =IF(#REF!=0,"-",#REF!) -> #REF! | BV10: =IF(#REF!=0,"-",#REF!) -> #REF! | BW10: Period 11 | BX10: =IF(#REF!=0,"-",#REF!) -> #REF! | BY10: =IF(#REF!=0,"-",#REF!) -> #REF! | BZ10: =IF(#REF!=0,"-",#REF!) -> #REF! | CA10: =IF(#REF!=0,"-",#REF!) -> #REF! | CB10: =IF(#REF!=0,"-",#REF!) -> #REF! | CC10: =IF(#REF!=0,"-",#REF!) -> #REF! | CD10: Period 12 | CE10: =IF(#REF!=0,"-",#REF!) -> #REF! | CF10: =IF(#REF!=0,"-",#REF!) -> #REF! | CG10: =IF(#REF!=0,"-",#REF!) -> #REF! | CH10: =IF(#REF!=0,"-",#REF!) -> #REF! | CI10: =IF(#REF!=0,"-",#REF!) -> #REF! | CJ10: =IF(#REF!=0,"-",#REF!) -> #REF! | CK10: Period 13 | CL10: =IF(#REF!=0,"-",#REF!) -> #REF! | CM10: =IF(#REF!=0,"-",#REF!) -> #REF! | CN10: =IF(#REF!=0,"-",#REF!) -> #REF! | CO10: =IF(#REF!=0,"-",#REF!) -> #REF! | CP10: =IF(#REF!=0,"-",#REF!) -> #REF! | CQ10: =IF(#REF!=0,"-",#REF!) -> #REF! | CR10: Period 14 | CS10: =IF(#REF!=0,"-",#REF!) -> #REF! | CT10: =IF(#REF!=0,"-",#REF!) -> #REF! | CU10: =IF(#REF!=0,"-",#REF!) -> #REF! | CV10: =IF(#REF!=0,"-",#REF!) -> #REF! | CW10: =IF(#REF!=0,"-",#REF!) -> #REF! | CX10: =IF(#REF!=0,"-",#REF!) -> #REF! | CY10: Period 15 | CZ10: =IF(#REF!=0,"-",#REF!) -> #REF! | DA10: =IF(#REF!=0,"-",#REF!) -> #REF! | DB10: =IF(#REF!=0,"-",#REF!) -> #REF! | DC10: =IF(#REF!=0,"-",#REF!) -> #REF! | DD10: =IF(#REF!=0,"-",#REF!) -> #REF! | DE10: =IF(#REF!=0,"-",#REF!) -> #REF! | DF10: Period 16 | DG10: =IF(#REF!=0,"-",#REF!) -> #REF! | DH10: =IF(#REF!=0,"-",#REF!) -> #REF! | DI10: =IF(#REF!=0,"-",#REF!) -> #REF! | DJ10: =IF(#REF!=0,"-",#REF!) -> #REF! | DK10: =IF(#REF!=0,"-",#REF!) -> #REF! | DL10: =IF(#REF!=0,"-",#REF!) -> #REF! | DM10: Period 17 | DN10: =IF(#REF!=0,"-",#REF!) -> #REF! | DO10: =IF(#REF!=0,"-",#REF!) -> #REF! | DP10: =IF(#REF!=0,"-",#REF!) -> #REF! | DQ10: =IF(#REF!=0,"-",#REF!) -> #REF! | DR10: =IF(#REF!=0,"-",#REF!) -> #REF! | DS10: =IF(#REF!=0,"-",#REF!) -> #REF! | DT10: Period 18 | DU10: =IF(#REF!=0,"-",#REF!) -> #REF! | DV10: =IF(#REF!=0,"-",#REF!) -> #REF! | DW10: =IF(#REF!=0,"-",#REF!) -> #REF! | DX10: =IF(#REF!=0,"-",#REF!) -> #REF! | DY10: =IF(#REF!=0,"-",#REF!) -> #REF! | DZ10: =IF(#REF!=0,"-",#REF!) -> #REF! | EA10: Period 19 | EB10: =IF(#REF!=0,"-",#REF!) -> #REF! | EC10: =IF(#REF!=0,"-",#REF!) -> #REF! | ED10: =IF(#REF!=0,"-",#REF!) -> #REF! | EE10: =IF(#REF!=0,"-",#REF!) -> #REF! | EF10: =IF(#REF!=0,"-",#REF!) -> #REF! | EG10: =IF(#REF!=0,"-",#REF!) -> #REF! | EH10: Period 20 | EI10: =IF(#REF!=0,"-",#REF!) -> #REF! | EJ10: =IF(#REF!=0,"-",#REF!) -> #REF! | EK10: =IF(#REF!=0,"-",#REF!) -> #REF! | EL10: =IF(#REF!=0,"-",#REF!) -> #REF! | EM10: =IF(#REF!=0,"-",#REF!) -> #REF! | EN10: =IF(#REF!=0,"-",#REF!) -> #REF! | ES10: =C10 -> #REF! | ET10: BEGINNING of the school year for STUDENTS | EU10: =IF(#REF!=0,"",#REF!) -> #REF! | EV10: =IF(OR(#REF!=0,#REF!=""),"",#REF!) -> #REF! | EW10: =EV10 -> #REF! | EZ10: =IF(#REF!=0,"",#REF!) -> #REF! | FA10: END of the school year for STUDENTS (NOT shown on graph) | FB10: =IF(#REF!=0,"",#REF!) -> #REF! | FC10: =IF(OR(#REF!=0,#REF!=""),"",#REF!) -> #REF! | FD10: =FC10 -> #REF! | FE10: - | FF10: - | FG10: =IF(#REF!=0,"-",#REF!) -> #REF! | FH10: BEGINNING of the school year for TEACHERS (NOT shown on graph) | FI10: =IF(#REF!=0,"-",#REF!) -> #REF! | FJ10: =IF(#REF!=0,"-",#REF!) -> #REF! | FK10: =IF(#REF!=0,"-",#REF!) -> #REF! | FL10: - | FM10: - | FN10: =IF(#REF!=0,"-",#REF!) -> #REF! | FO10: END of the school year for TEACHERS (NOT shown on graph) | FP10: =IF(#REF!=0,"-",#REF!) -> #REF! | FQ10: =IF(#REF!=0,"-",#REF!) -> #REF! | FR10: =IF(#REF!=0,"-",#REF!) -> #REF! | FS10: - | FT10: - | FU10: =IF(#REF!=0,"-",#REF!) -> #REF!
A11: =#REF! -> #REF! | B11: =B10 -> Country_code | C11: {=MID(CELL("filename",#REF!),FIND("]",CELL("filename",#REF!))+1,255)} -> #REF! | D11: =#REF! -> #REF! | E11: =#REF! -> #REF! | F11: =IF(#REF!=0,"-",#REF!) -> #REF! | G11: =IF(#REF!=0,"-",#REF!) -> #REF! | H11: =IF(#REF!=0,"-",#REF!) -> #REF! | I11: =IF(#REF!=0,"-",#REF!) -> #REF! | J11: =IF(#REF!=0,"-",#REF!) -> #REF! | K11: =IF(#REF!=0,"-",#REF!) -> #REF! | L11: Period 2 | M11: =IF(#REF!=0,"-",#REF!) -> #REF! | N11: =IF(#REF!=0,"-",#REF!) -> #REF! | O11: =IF(#REF!=0,"-",#REF!) -> #REF! | P11: =IF(#REF!=0,"-",#REF!) -> #REF! | Q11: =IF(#REF!=0,"-",#REF!) -> #REF! | R11: =IF(#REF!=0,"-",#REF!) -> #REF! | S11: Period 3 | T11: =IF(#REF!=0,"-",#REF!) -> #REF! | U11: =IF(#REF!=0,"-",#REF!) -> #REF! | V11: =IF(#REF!=0,"-",#REF!) -> #REF! | W11: =IF(#REF!=0,"-",#REF!) -> #REF! | X11: =IF(#REF!=0,"-",#REF!) -> #REF! | Y11: =IF(#REF!=0,"-",#REF!) -> #REF! | Z11: Period 4 | AA11: =IF(#REF!=0,"-",#REF!) -> #REF! | AB11: =IF(#REF!=0,"-",#REF!) -> #REF! | AC11: =IF(#REF!=0,"-",#REF!) -> #REF! | AD11: =IF(#REF!=0,"-",#REF!) -> #REF! | AE11: =IF(#REF!=0,"-",#REF!) -> #REF! | AF11: =IF(#REF!=0,"-",#REF!) -> #REF! | AG11: Period 5 | AH11: =IF(#REF!=0,"-",#REF!) -> #REF! | AI11: =IF(#REF!=0,"-",#REF!) -> #REF! | AJ11: =IF(#REF!=0,"-",#REF!) -> #REF! | AK11: =IF(#REF!=0,"-",#REF!) -> #REF! | AL11: =IF(#REF!=0,"-",#REF!) -> #REF! | AM11: =IF(#REF!=0,"-",#REF!) -> #REF! | AN11: Period 6 | AO11: =IF(#REF!=0,"-",#REF!) -> #REF! | AP11: =IF(#REF!=0,"-",#REF!) -> #REF! | AQ11: =IF(#REF!=0,"-",#REF!) -> #REF! | AR11: =IF(#REF!=0,"-",#REF!) -> #REF! | AS11: =IF(#REF!=0,"-",#REF!) -> #REF! | AT11: =IF(#REF!=0,"-",#REF!) -> #REF! | AU11: Period 7 | AV11: =IF(#REF!=0,"-",#REF!) -> #REF! | AW11: =IF(#REF!=0,"-",#REF!) -> #REF! | AX11: =IF(#REF!=0,"-",#REF!) -> #REF! | AY11: =IF(#REF!=0,"-",#REF!) -> #REF! | AZ11: =IF(#REF!=0,"-",#REF!) -> #REF! | BA11: =IF(#REF!=0,"-",#REF!) -> #REF! | BB11: Period 8 | BC11: =IF(#REF!=0,"-",#REF!) -> #REF! | BD11: =IF(#REF!=0,"-",#REF!) -> #REF! | BE11: =IF(#REF!=0,"-",#REF!) -> #REF! | BF11: =IF(#REF!=0,"-",#REF!) -> #REF! | BG11: =IF(#REF!=0,"-",#REF!) -> #REF! | BH11: =IF(#REF!=0,"-",#REF!) -> #REF! | BI11: Period 9 | BJ11: =IF(#REF!=0,"-",#REF!) -> #REF! | BK11: =IF(#REF!=0,"-",#REF!) -> #REF! | BL11: =IF(#REF!=0,"-",#REF!) -> #REF! | BM11: =IF(#REF!=0,"-",#REF!) -> #REF! | BN11: =IF(#REF!=0,"-",#REF!) -> #REF! | BO11: =IF(#REF!=0,"-",#REF!) -> #REF! | BP11: Period 10 | BQ11: =IF(#REF!=0,"-",#REF!) -> #REF! | BR11: =IF(#REF!="-",0,#REF!) -> #REF! | BS11: =IF(#REF!=0,"-",#REF!) -> #REF! | BT11: =IF(#REF!=0,"-",#REF!) -> #REF! | BU11: =IF(#REF!=0,"-",#REF!) -> #REF! | BV11: =IF(#REF!=0,"-",#REF!) -> #REF! | BW11: Period 11 | BX11: =IF(#REF!=0,"-",#REF!) -> #REF! | BY11: =IF(#REF!=0,"-",#REF!) -> #REF! | BZ11: =IF(#REF!=0,"-",#REF!) -> #REF! | CA11: =IF(#REF!=0,"-",#REF!) -> #REF! | CB11: =IF(#REF!=0,"-",#REF!) -> #REF! | CC11: =IF(#REF!=0,"-",#REF!) -> #REF! | CD11: Period 12 | CE11: =IF(#REF!=0,"-",#REF!) -> #REF! | CF11: =IF(#REF!=0,"-",#REF!) -> #REF! | CG11: =IF(#REF!=0,"-",#REF!) -> #REF! | CH11: =IF(#REF!=0,"-",#REF!) -> #REF! | CI11: =IF(#REF!=0,"-",#REF!) -> #REF! | CJ11: =IF(#REF!=0,"-",#REF!) -> #REF! | CK11: Period 13 | CL11: =IF(#REF!=0,"-",#REF!) -> #REF! | CM11: =IF(#REF!=0,"-",#REF!) -> #REF! | CN11: =IF(#REF!=0,"-",#REF!) -> #REF! | CO11: =IF(#REF!=0,"-",#REF!) -> #REF! | CP11: =IF(#REF!=0,"-",#REF!) -> #REF! | CQ11: =IF(#REF!=0,"-",#REF!) -> #REF! | CR11: Period 14 | CS11: =IF(#REF!=0,"-",#REF!) -> #REF! | CT11: =IF(#REF!=0,"-",#REF!) -> #REF! | CU11: =IF(#REF!=0,"-",#REF!) -> #REF! | CV11: =IF(#REF!=0,"-",#REF!) -> #REF! | CW11: =IF(#REF!=0,"-",#REF!) -> #REF! | CX11: =IF(#REF!=0,"-",#REF!) -> #REF! | CY11: Period 15 | CZ11: =IF(#REF!=0,"-",#REF!) -> #REF! | DA11: =IF(#REF!=0,"-",#REF!) -> #REF! | DB11: =IF(#REF!=0,"-",#REF!) -> #REF! | DC11: =IF(#REF!=0,"-",#REF!) -> #REF! | DD11: =IF(#REF!=0,"-",#REF!) -> #REF! | DE11: =IF(#REF!=0,"-",#REF!) -> #REF! | DF11: Period 16 | DG11: =IF(#REF!=0,"-",#REF!) -> #REF! | DH11: =IF(#REF!=0,"-",#REF!) -> #REF! | DI11: =IF(#REF!=0,"-",#REF!) -> #REF! | DJ11: =IF(#REF!=0,"-",#REF!) -> #REF! | DK11: =IF(#REF!=0,"-",#REF!) -> #REF! | DL11: =IF(#REF!=0,"-",#REF!) -> #REF! | DM11: Period 17 | DN11: =IF(#REF!=0,"-",#REF!) -> #REF! | DO11: =IF(#REF!=0,"-",#REF!) -> #REF! | DP11: =IF(#REF!=0,"-",#REF!) -> #REF! | DQ11: =IF(#REF!=0,"-",#REF!) -> #REF! | DR11: =IF(#REF!=0,"-",#REF!) -> #REF! | DS11: =IF(#REF!=0,"-",#REF!) -> #REF! | DT11: Period 18 | DU11: =IF(#REF!=0,"-",#REF!) -> #REF! | DV11: =IF(#REF!=0,"-",#REF!) -> #REF! | DW11: =IF(#REF!=0,"-",#REF!) -> #REF! | DX11: =IF(#REF!=0,"-",#REF!) -> #REF! | DY11: =IF(#REF!=0,"-",#REF!) -> #REF! | DZ11: =IF(#REF!=0,"-",#REF!) -> #REF! | EA11: Period 19 | EB11: =IF(#REF!=0,"-",#REF!) -> #REF! | EC11: =IF(#REF!=0,"-",#REF!) -> #REF! | ED11: =IF(#REF!=0,"-",#REF!) -> #REF! | EE11: =IF(#REF!=0,"-",#REF!) -> #REF! | EF11: =IF(#REF!=0,"-",#REF!) -> #REF! | EG11: =IF(#REF!=0,"-",#REF!) -> #REF! | EH11: Period 20 | EI11: =IF(#REF!=0,"-",#REF!) -> #REF! | EJ11: =IF(#REF!=0,"-",#REF!) -> #REF! | EK11: =IF(#REF!=0,"-",#REF!) -> #REF! | EL11: =IF(#REF!=0,"-",#REF!) -> #REF! | EM11: =IF(#REF!=0,"-",#REF!) -> #REF! | EN11: =IF(#REF!=0,"-",#REF!) -> #REF! | ES11: =C11 -> #REF! | ET11: BEGINNING of the school year for STUDENTS | EU11: =IF(#REF!=0,"",#REF!) -> #REF! | EV11: =IF(OR(#REF!=0,#REF!=""),"",#REF!) -> #REF! | EW11: =EV11 -> #REF! | EZ11: =IF(#REF!=0,"",#REF!) -> #REF! | FA11: END of the school year for STUDENTS (NOT shown on graph) | FB11: =IF(#REF!=0,"",#REF!) -> #REF! | FC11: =IF(OR(#REF!=0,#REF!=""),"",#REF!) -> #REF! | FD11: =FC11 -> #REF! | FE11: - | FF11: - | FG11: =IF(#REF!=0,"-",#REF!) -> #REF! | FH11: BEGINNING of the school year for TEACHERS (NOT shown on graph) | FI11: =IF(#REF!=0,"-",#REF!) -> #REF! | FJ11: =IF(#REF!=0,"-",#REF!) -> #REF! | FK11: =IF(#REF!=0,"-",#REF!) -> #REF! | FL11: - | FM11: - | FN11: =IF(#REF!=0,"-",#REF!) -> #REF! | FO11: END of the school year for TEACHERS (NOT shown on graph) | FP11: =IF(#REF!=0,"-",#REF!) -> #REF! | FQ11: =IF(#REF!=0,"-",#REF!) -> #REF! | FR11: =IF(#REF!=0,"-",#REF!) -> #REF! | FS11: - | FT11: - | FU11: =IF(#REF!=0,"-",#REF!) -> #REF!
A12: =C12 -> Calendar 4 | B12: =B11 -> Country_code | C12: Calendar 4 | E12: Period 1 | L12: Period 2 | S12: Period 3 | Z12: Period 4 | AG12: Period 5 | AN12: Period 6 | AU12: Period 7 | BB12: Period 8 | BI12: Period 9 | BP12: Period 10 | BW12: Period 11 | CD12: Period 12 | CK12: Period 13 | CR12: Period 14 | CY12: Period 15 | DF12: Period 16 | DM12: Period 17 | DT12: Period 18 | EA12: Period 19 | EH12: Period 20 | ES12: =C12 -> Calendar 4 | ET12: BEGINNING of the school year for STUDENTS | FA12: END of the school year for STUDENTS (NOT shown on graph) | FH12: BEGINNING of the school year for TEACHERS | FO12: END of the school year for TEACHERS (NOT shown on graph)
A13: =C13 -> Calendar 4 | B13: =B12 -> Country_code | C13: Calendar 4 | E13: Period 1 | L13: Period 2 | S13: Period 3 | Z13: Period 4 | AG13: Period 5 | AN13: Period 6 | AU13: Period 7 | BB13: Period 8 | BI13: Period 9 | BP13: Period 10 | BW13: Period 11 | CD13: Period 12 | CK13: Period 13 | CR13: Period 14 | CY13: Period 15 | DF13: Period 16 | DM13: Period 17 | DT13: Period 18 | EA13: Period 19 | EH13: Period 20 | ES13: =C13 -> Calendar 4 | ET13: BEGINNING of the school year for STUDENTS | FA13: END of the school year for STUDENTS (NOT shown on graph) | FH13: BEGINNING of the school year for TEACHERS | FO13: END of the school year for TEACHERS (NOT shown on graph)
A14: =C14 -> Calendar 5 | B14: =B13 -> Country_code | C14: Calendar 5 | E14: Period 1 | L14: Period 2 | S14: Period 3 | Z14: Period 4 | AG14: Period 5 | AN14: Period 6 | AU14: Period 7 | BB14: Period 8 | BI14: Period 9 | BP14: Period 10 | BW14: Period 11 | CD14: Period 12 | CK14: Period 13 | CR14: Period 14 | CY14: Period 15 | DF14: Period 16 | DM14: Period 17 | DT14: Period 18 | EA14: Period 19 | EH14: Period 20 | ET14: BEGINNING of the school year for STUDENTS | FA14: END of the school year for STUDENTS (NOT shown on graph) | FH14: BEGINNING of the school year for TEACHERS (NOT shown on graph) | FO14: END of the school year for TEACHERS (NOT shown on graph)
A15: =C15 -> Calendar 5 | B15: =B14 -> Country_code | C15: Calendar 5 | E15: Period 1 | L15: Period 2 | S15: Period 3 | Z15: Period 4 | AG15: Period 5 | AN15: Period 6 | AU15: Period 7 | BB15: Period 8 | BI15: Period 9 | BP15: Period 10 | BW15: Period 11 | CD15: Period 12 | CK15: Period 13 | CR15: Period 14 | CY15: Period 15 | DF15: Period 16 | DM15: Period 17 | DT15: Period 18 | EA15: Period 19 | EH15: Period 20 | ET15: BEGINNING of the school year for STUDENTS | FA15: END of the school year for STUDENTS (NOT shown on graph) | FH15: BEGINNING of the school year for TEACHERS (NOT shown on graph) | FO15: END of the school year for TEACHERS (NOT shown on graph)
A16: =C16 -> Calendar 6 | B16: =B15 -> Country_code | C16: Calendar 6 | E16: Period 1 | L16: Period 2 | S16: Period 3 | Z16: Period 4 | AG16: Period 5 | AN16: Period 6 | AU16: Period 7 | BB16: Period 8 | BI16: Period 9 | BP16: Period 10 | BW16: Period 11 | CD16: Period 12 | CK16: Period 13 | CR16: Period 14 | CY16: Period 15 | DF16: Period 16 | DM16: Period 17 | DT16: Period 18 | EA16: Period 19 | EH16: Period 20 | ET16: BEGINNING of the school year for STUDENTS | FA16: END of the school year for STUDENTS (NOT shown on graph) | FH16: BEGINNING of the school year for TEACHERS (NOT shown on graph) | FO16: END of the school year for TEACHERS (NOT shown on graph)
A17: =C17 -> Calendar 6 | B17: =B16 -> Country_code | C17: Calendar 6 | E17: Period 1 | L17: Period 2 | S17: Period 3 | Z17: Period 4 | AG17: Period 5 | AN17: Period 6 | AU17: Period 7 | BB17: Period 8 | BI17: Period 9 | BP17: Period 10 | BW17: Period 11 | CD17: Period 12 | CK17: Period 13 | CR17: Period 14 | CY17: Period 15 | DF17: Period 16 | DM17: Period 17 | DT17: Period 18 | EA17: Period 19 | EH17: Period 20 | ET17: BEGINNING of the school year for STUDENTS | FA17: END of the school year for STUDENTS (NOT shown on graph) | FH17: BEGINNING of the school year for TEACHERS (NOT shown on graph) | FO17: END of the school year for TEACHERS (NOT shown on graph)
A18: =C18 -> Calendar 7 | B18: =B17 -> Country_code | C18: Calendar 7 | E18: Period 1 | L18: Period 2 | S18: Period 3 | Z18: Period 4 | AG18: Period 5 | AN18: Period 6 | AU18: Period 7 | BB18: Period 8 | BI18: Period 9 | BP18: Period 10 | BW18: Period 11 | CD18: Period 12 | CK18: Period 13 | CR18: Period 14 | CY18: Period 15 | DF18: Period 16 | DM18: Period 17 | DT18: Period 18 | EA18: Period 19 | EH18: Period 20 | ET18: BEGINNING of the school year for STUDENTS | FA18: END of the school year for STUDENTS (NOT shown on graph) | FH18: BEGINNING of the school year for TEACHERS (NOT shown on graph) | FO18: END of the school year for TEACHERS (NOT shown on graph)
A19: =C19 -> Calendar 7 | B19: =B18 -> Country_code | C19: Calendar 7 | E19: Period 1 | L19: Period 2 | S19: Period 3 | Z19: Period 4 | AG19: Period 5 | AN19: Period 6 | AU19: Period 7 | BB19: Period 8 | BI19: Period 9 | BP19: Period 10 | BW19: Period 11 | CD19: Period 12 | CK19: Period 13 | CR19: Period 14 | CY19: Period 15 | DF19: Period 16 | DM19: Period 17 | DT19: Period 18 | EA19: Period 19 | EH19: Period 20 | ET19: BEGINNING of the school year for STUDENTS | FA19: END of the school year for STUDENTS (NOT shown on graph) | FH19: BEGINNING of the school year for TEACHERS (NOT shown on graph) | FO19: END of the school year for TEACHERS (NOT shown on graph)
A20: =C20 -> Calendar 8 | B20: =B19 -> Country_code | C20: Calendar 8 | E20: Period 1 | L20: Period 2 | S20: Period 3 | Z20: Period 4 | AG20: Period 5 | AN20: Period 6 | AU20: Period 7 | BB20: Period 8 | BI20: Period 9 | BP20: Period 10 | BW20: Period 11 | CD20: Period 12 | CK20: Period 13 | CR20: Period 14 | CY20: Period 15 | DF20: Period 16 | DM20: Period 17 | DT20: Period 18 | EA20: Period 19 | EH20: Period 20 | ET20: BEGINNING of the school year for STUDENTS | FA20: END of the school year for STUDENTS (NOT shown on graph) | FH20: BEGINNING of the school year for TEACHERS (NOT shown on graph) | FO20: END of the school year for TEACHERS (NOT shown on graph)
A21: =C21 -> Calendar 8 | B21: =B20 -> Country_code | C21: Calendar 8 | E21: Period 1 | L21: Period 2 | S21: Period 3 | Z21: Period 4 | AG21: Period 5 | AN21: Period 6 | AU21: Period 7 | BB21: Period 8 | BI21: Period 9 | BP21: Period 10 | BW21: Period 11 | CD21: Period 12 | CK21: Period 13 | CR21: Period 14 | CY21: Period 15 | DF21: Period 16 | DM21: Period 17 | DT21: Period 18 | EA21: Period 19 | EH21: Period 20 | ET21: BEGINNING of the school year for STUDENTS | FA21: END of the school year for STUDENTS (NOT shown on graph) | FH21: BEGINNING of the school year for TEACHERS (NOT shown on graph) | FO21: END of the school year for TEACHERS (NOT shown on graph)
A22: =C22 -> Calendar 9 | B22: =B21 -> Country_code | C22: Calendar 9 | E22: Period 1 | L22: Period 2 | S22: Period 3 | Z22: Period 4 | AG22: Period 5 | AN22: Period 6 | AU22: Period 7 | BB22: Period 8 | BI22: Period 9 | BP22: Period 10 | BW22: Period 11 | CD22: Period 12 | CK22: Period 13 | CR22: Period 14 | CY22: Period 15 | DF22: Period 16 | DM22: Period 17 | DT22: Period 18 | EA22: Period 19 | EH22: Period 20 | ET22: BEGINNING of the school year for STUDENTS | FA22: END of the school year for STUDENTS (NOT shown on graph) | FH22: BEGINNING of the school year for TEACHERS (NOT shown on graph) | FO22: END of the school year for TEACHERS (NOT shown on graph)
A23: =C23 -> Calendar 9 | B23: =B22 -> Country_code | C23: Calendar 9 | E23: Period 1 | L23: Period 2 | S23: Period 3 | Z23: Period 4 | AG23: Period 5 | AN23: Period 6 | AU23: Period 7 | BB23: Period 8 | BI23: Period 9 | BP23: Period 10 | BW23: Period 11 | CD23: Period 12 | CK23: Period 13 | CR23: Period 14 | CY23: Period 15 | DF23: Period 16 | DM23: Period 17 | DT23: Period 18 | EA23: Period 19 | EH23: Period 20 | ET23: BEGINNING of the school year for STUDENTS | FA23: END of the school year for STUDENTS (NOT shown on graph) | FH23: BEGINNING of the school year for TEACHERS (NOT shown on graph) | FO23: END of the school year for TEACHERS (NOT shown on graph)
A24: =C24 -> Calendar 10 | B24: =B23 -> Country_code | C24: Calendar 10 | E24: Period 1 | L24: Period 2 | S24: Period 3 | Z24: Period 4 | AG24: Period 5 | AN24: Period 6 | AU24: Period 7 | BB24: Period 8 | BI24: Period 9 | BP24: Period 10 | BW24: Period 11 | CD24: Period 12 | CK24: Period 13 | CR24: Period 14 | CY24: Period 15 | DF24: Period 16 | DM24: Period 17 | DT24: Period 18 | EA24: Period 19 | EH24: Period 20 | ET24: BEGINNING of the school year for STUDENTS | FA24: END of the school year for STUDENTS (NOT shown on graph) | FH24: BEGINNING of the school year for TEACHERS (NOT shown on graph) | FO24: END of the school year for TEACHERS (NOT shown on graph)
A25: =C25 -> Calendar 10 | B25: =B24 -> Country_code | C25: Calendar 10 | E25: Period 1 | L25: Period 2 | S25: Period 3 | Z25: Period 4 | AG25: Period 5 | AN25: Period 6 | AU25: Period 7 | BB25: Period 8 | BI25: Period 9 | BP25: Period 10 | BW25: Period 11 | CD25: Period 12 | CK25: Period 13 | CR25: Period 14 | CY25: Period 15 | DF25: Period 16 | DM25: Period 17 | DT25: Period 18 | EA25: Period 19 | EH25: Period 20 | ET25: BEGINNING of the school year for STUDENTS | FA25: END of the school year for STUDENTS (NOT shown on graph) | FH25: BEGINNING of the school year for TEACHERS (NOT shown on graph) | FO25: END of the school year for TEACHERS (NOT shown on graph)
... A65: =C65 -> Calendar 30 | B65: =B64 -> Country_code | C65: Calendar 30 | E65: Period 1 | L65: Period 2 | S65: Period 3 | Z65: Period 4 | AG65: Period 5 | AN65: Period 6 | AU65: Period 7 | BB65: Period 8 | BI65: Period 9 | BP65: Period 10 | BW65: Period 11 | CD65: Period 12 | CK65: Period 13 | CR65: Period 14 | CY65: Period 15 | DF65: Period 16 | DM65: Period 17 | DT65: Period 18 | EA65: Period 19 | EH65: Period 20 | ET65: BEGINNING of the school year for STUDENTS | FA65: END of the school year for STUDENTS (NOT shown on graph) | FH65: BEGINNING of the school year for TEACHERS (NOT shown on graph) | FO65: END of the school year for TEACHERS (NOT shown on graph)
A66: =C66 -> Calendar 31 | B66: =B65 -> Country_code | C66: Calendar 31 | E66: Period 1 | L66: Period 2 | S66: Period 3 | Z66: Period 4 | AG66: Period 5 | AN66: Period 6 | BB66: Period 8 | BI66: Period 9 | BP66: Period 10 | BW66: Period 11 | CD66: Period 12 | CK66: Period 13 | CR66: Period 14 | CY66: Period 15 | DF66: Period 16 | DM66: Period 17 | DT66: Period 18 | EA66: Period 19 | EH66: Period 20 | ET66: BEGINNING of the school year for STUDENTS | FA66: END of the school year for STUDENTS (NOT shown on graph) | FH66: BEGINNING of the school year for TEACHERS (NOT shown on graph) | FO66: END of the school year for TEACHERS (NOT shown on graph)
A67: =C67 -> Calendar 31 | B67: =B66 -> Country_code | C67: Calendar 31 | E67: Period 1 | L67: Period 2 | S67: Period 3 | Z67: Period 4 | AG67: Period 5 | AN67: Period 6 | BB67: Period 8 | BI67: Period 9 | BP67: Period 10 | BW67: Period 11 | CD67: Period 12 | CK67: Period 13 | CR67: Period 14 | CY67: Period 15 | DF67: Period 16 | DM67: Period 17 | DT67: Period 18 | EA67: Period 19 | EH67: Period 20 | ET67: BEGINNING of the school year for STUDENTS | FA67: END of the school year for STUDENTS (NOT shown on graph) | FH67: BEGINNING of the school year for TEACHERS (NOT shown on graph) | FO67: END of the school year for TEACHERS (NOT shown on graph)
A68: =C68 -> Calendar 32 | B68: =B67 -> Country_code | C68: Calendar 32 | E68: Period 1 | L68: Period 2 | S68: Period 3 | Z68: Period 4 | AG68: Period 5 | AN68: Period 6 | AU68: Period 7 | BB68: Period 8 | BI68: Period 9 | BP68: Period 10 | BW68: Period 11 | CD68: Period 12 | CK68: Period 13 | CR68: Period 14 | CY68: Period 15 | DF68: Period 16 | DM68: Period 17 | DT68: Period 18 | EA68: Period 19 | EH68: Period 20 | ET68: BEGINNING of the school year for STUDENTS | FA68: END of the school year for STUDENTS (NOT shown on graph) | FH68: BEGINNING of the school year for TEACHERS (NOT shown on graph) | FO68: END of the school year for TEACHERS (NOT shown on graph)
A69: =C69 -> Calendar 32 | B69: =B68 -> Country_code | C69: Calendar 32 | E69: Period 1 | L69: Period 2 | S69: Period 3 | Z69: Period 4 | AG69: Period 5 | AN69: Period 6 | AU69: Period 7 | BB69: Period 8 | BI69: Period 9 | BP69: Period 10 | BW69: Period 11 | CD69: Period 12 | CK69: Period 13 | CR69: Period 14 | CY69: Period 15 | DF69: Period 16 | DM69: Period 17 | DT69: Period 18 | EA69: Period 19 | EH69: Period 20 | ET69: BEGINNING of the school year for STUDENTS | FA69: END of the school year for STUDENTS (NOT shown on graph) | FH69: BEGINNING of the school year for TEACHERS (NOT shown on graph) | FO69: END of the school year for TEACHERS (NOT shown on graph)
A70: =C70 -> Calendar 33 | B70: =B69 -> Country_code | C70: Calendar 33 | E70: Period 1 | L70: Period 2 | S70: Period 3 | Z70: Period 4 | AG70: Period 5 | AN70: Period 6 | AU70: Period 7 | BB70: Period 8 | BI70: Period 9 | BP70: Period 10 | BW70: Period 11 | CD70: Period 12 | CK70: Period 13 | CR70: Period 14 | CY70: Period 15 | DF70: Period 16 | DM70: Period 17 | DT70: Period 18 | EA70: Period 19 | EH70: Period 20 | ET70: BEGINNING of the school year for STUDENTS | FA70: END of the school year for STUDENTS (NOT shown on graph) | FH70: BEGINNING of the school year for TEACHERS (NOT shown on graph) | FO70: END of the school year for TEACHERS (NOT shown on graph)
A71: =C71 -> Calendar 33 | B71: =B70 -> Country_code | C71: Calendar 33 | E71: Period 1 | L71: Period 2 | S71: Period 3 | Z71: Period 4 | AG71: Period 5 | AN71: Period 6 | AU71: Period 7 | BB71: Period 8 | BI71: Period 9 | BP71: Period 10 | BW71: Period 11 | CD71: Period 12 | CK71: Period 13 | CR71: Period 14 | CY71: Period 15 | DF71: Period 16 | DM71: Period 17 | DT71: Period 18 | EA71: Period 19 | EH71: Period 20 | ET71: BEGINNING of the school year for STUDENTS | FA71: END of the school year for STUDENTS (NOT shown on graph) | FH71: BEGINNING of the school year for TEACHERS (NOT shown on graph) | FO71: END of the school year for TEACHERS (NOT shown on graph)
A72: =C72 -> Calendar 34 | B72: =B71 -> Country_code | C72: Calendar 34 | E72: Period 1 | L72: Period 2 | S72: Period 3 | Z72: Period 4 | AG72: Period 5 | AN72: Period 6 | AU72: Period 7 | BB72: Period 8 | BI72: Period 9 | BP72: Period 10 | BW72: Period 11 | CD72: Period 12 | CK72: Period 13 | CR72: Period 14 | CY72: Period 15 | DF72: Period 16 | DM72: Period 17 | DT72: Period 18 | EA72: Period 19 | EH72: Period 20 | ET72: BEGINNING of the school year for STUDENTS | FA72: END of the school year for STUDENTS (NOT shown on graph) | FH72: BEGINNING of the school year for TEACHERS (NOT shown on graph) | FO72: END of the school year for TEACHERS (NOT shown on graph)
A73: =C73 -> Calendar 34 | B73: =B72 -> Country_code | C73: Calendar 34 | E73: Period 1 | L73: Period 2 | S73: Period 3 | Z73: Period 4 | AG73: Period 5 | AN73: Period 6 | AU73: Period 7 | BB73: Period 8 | BI73: Period 9 | BP73: Period 10 | BW73: Period 11 | CD73: Period 12 | CK73: Period 13 | CR73: Period 14 | CY73: Period 15 | DF73: Period 16 | DM73: Period 17 | DT73: Period 18 | EA73: Period 19 | EH73: Period 20 | ET73: BEGINNING of the school year for STUDENTS | FA73: END of the school year for STUDENTS (NOT shown on graph) | FH73: BEGINNING of the school year for TEACHERS (NOT shown on graph) | FO73: END of the school year for TEACHERS (NOT shown on graph)
A74: =C74 -> Calendar 35 | B74: =B73 -> Country_code | C74: Calendar 35 | E74: Period 1 | L74: Period 2 | S74: Period 3 | Z74: Period 4 | AG74: Period 5 | AN74: Period 6 | AU74: Period 7 | BB74: Period 8 | BI74: Period 9 | BP74: Period 10 | BW74: Period 11 | CD74: Period 12 | CK74: Period 13 | CR74: Period 14 | CY74: Period 15 | DF74: Period 16 | DM74: Period 17 | DT74: Period 18 | EA74: Period 19 | EH74: Period 20 | ET74: BEGINNING of the school year for STUDENTS | FA74: END of the school year for STUDENTS (NOT shown on graph) | FH74: BEGINNING of the school year for TEACHERS (NOT shown on graph) | FO74: END of the school year for TEACHERS (NOT shown on graph)
A75: =C75 -> Calendar 35 | B75: =B74 -> Country_code | C75: Calendar 35 | E75: Period 1 | L75: Period 2 | S75: Period 3 | Z75: Period 4 | AG75: Period 5 | AN75: Period 6 | AU75: Period 7 | BB75: Period 8 | BI75: Period 9 | BP75: Period 10 | BW75: Period 11 | CD75: Period 12 | CK75: Period 13 | CR75: Period 14 | CY75: Period 15 | DF75: Period 16 | DM75: Period 17 | DT75: Period 18 | EA75: Period 19 | EH75: Period 20 | ET75: BEGINNING of the school year for STUDENTS | FA75: END of the school year for STUDENTS (NOT shown on graph) | FH75: BEGINNING of the school year for TEACHERS (NOT shown on graph) | FO75: END of the school year for TEACHERS (NOT shown on graph)
A76: =C76 -> Calendar 36 | B76: =B75 -> Country_code | C76: Calendar 36 | E76: Period 1 | L76: Period 2 | S76: Period 3 | Z76: Period 4 | AG76: Period 5 | AN76: Period 6 | AU76: Period 7 | BB76: Period 8 | BI76: Period 9 | BP76: Period 10 | BW76: Period 11 | CD76: Period 12 | CK76: Period 13 | CR76: Period 14 | CY76: Period 15 | DF76: Period 16 | DM76: Period 17 | DT76: Period 18 | EA76: Period 19 | EH76: Period 20 | ET76: BEGINNING of the school year for STUDENTS | FA76: END of the school year for STUDENTS (NOT shown on graph) | FH76: BEGINNING of the school year for TEACHERS (NOT shown on graph) | FO76: END of the school year for TEACHERS (NOT shown on graph)
A77: =C77 -> Calendar 36 | B77: =B76 -> Country_code | C77: Calendar 36 | E77: Period 1 | L77: Period 2 | S77: Period 3 | Z77: Period 4 | AG77: Period 5 | AN77: Period 6 | AU77: Period 7 | BB77: Period 8 | BI77: Period 9 | BP77: Period 10 | BW77: Period 11 | CD77: Period 12 | CK77: Period 13 | CR77: Period 14 | CY77: Period 15 | DF77: Period 16 | DM77: Period 17 | DT77: Period 18 | EA77: Period 19 | EH77: Period 20 | ET77: BEGINNING of the school year for STUDENTS | FA77: END of the school year for STUDENTS (NOT shown on graph) | FH77: BEGINNING of the school year for TEACHERS (NOT shown on graph) | FO77: END of the school year for TEACHERS (NOT shown on graph)
A78: =C78 -> Calendar 37 | B78: =B77 -> Country_code | C78: Calendar 37 | E78: Period 1 | L78: Period 2 | S78: Period 3 | Z78: Period 4 | AG78: Period 5 | AN78: Period 6 | AU78: Period 7 | BB78: Period 8 | BI78: Period 9 | BP78: Period 10 | BW78: Period 11 | CD78: Period 12 | CK78: Period 13 | CR78: Period 14 | CY78: Period 15 | DF78: Period 16 | DM78: Period 17 | DT78: Period 18 | EA78: Period 19 | EH78: Period 20 | ET78: BEGINNING of the school year for STUDENTS | FA78: END of the school year for STUDENTS (NOT shown on graph) | FH78: BEGINNING of the school year for TEACHERS (NOT shown on graph) | FO78: END of the school year for TEACHERS (NOT shown on graph)
A79: =C79 -> Calendar 37 | B79: =B78 -> Country_code | C79: Calendar 37 | E79: Period 1 | L79: Period 2 | S79: Period 3 | Z79: Period 4 | AG79: Period 5 | AN79: Period 6 | AU79: Period 7 | BB79: Period 8 | BI79: Period 9 | BP79: Period 10 | BW79: Period 11 | CD79: Period 12 | CK79: Period 13 | CR79: Period 14 | CY79: Period 15 | DF79: Period 16 | DM79: Period 17 | DT79: Period 18 | EA79: Period 19 | EH79: Period 20 | ET79: BEGINNING of the school year for STUDENTS | FA79: END of the school year for STUDENTS (NOT shown on graph) | FH79: BEGINNING of the school year for TEACHERS (NOT shown on graph) | FO79: END of the school year for TEACHERS (NOT shown on graph)
A80: =Test_Month!$B$5 -> North | B80: =B79 -> Country_code | C80: {=MID(CELL("filename",Test_Month!A77),FIND("]",CELL("filename",Test_Month!A77))+1,255)} -> Test_Month | D80: =Test_Month!$B$6 -> Please specify | E80: =Test_Month!$A$27 -> Period 1 | F80: =IF(Test_Month!$C$28=0,"-",Test_Month!$C$28) -> - | G80: =IF(Test_Month!$C$29=0,"-",Test_Month!$C$29) -> 45505 | H80: =IF(Test_Month!$E$29=0,"-",Test_Month!$E$29) -> 45505 | I80: =IF(Test_Month!$C$30=0,"-",Test_Month!$C$30) -> - | J80: =IF(Test_Month!$E$30=0,"-",Test_Month!$E$30) -> - | K80: =IF(Test_Month!$E$31=0,"-",Test_Month!$E$31) -> - | L80: Period 2 | M80: =IF(Test_Month!$C$33=0,"-",Test_Month!$C$33) -> - | N80: =IF(Test_Month!$C$34=0,"-",Test_Month!$C$34) -> 45536 | O80: =IF(Test_Month!$E$34=0,"-",Test_Month!$E$34) -> 45537 | P80: =IF(Test_Month!$C$35=0,"-",Test_Month!$C$35) -> - | Q80: =IF(Test_Month!$E$35=0,"-",Test_Month!$E$35) -> - | R80: =IF(Test_Month!$E$36=0,"-",Test_Month!$E$36) -> - | S80: Period 3 | T80: =IF(Test_Month!$C$38=0,"-",Test_Month!$C$38) -> - | U80: =IF(Test_Month!$C$39=0,"-",Test_Month!$C$39) -> 45566 | V80: =IF(Test_Month!$E$39=0,"-",Test_Month!$E$39) -> 45567 | W80: =IF(Test_Month!$C$40=0,"-",Test_Month!$C$40) -> - | X80: =IF(Test_Month!$E$40=0,"-",Test_Month!$E$40) -> - | Y80: =IF(Test_Month!$E$41=0,"-",Test_Month!$E$41) -> - | Z80: Period 4 | AA80: =IF(Test_Month!$C$43=0,"-",Test_Month!$C$43) -> - | AB80: =IF(Test_Month!$C$44=0,"-",Test_Month!$C$44) -> 45597 | AC80: =IF(Test_Month!$E$44=0,"-",Test_Month!$E$44) -> 45598 | AD80: =IF(Test_Month!$C$45=0,"-",Test_Month!$C$45) -> - | AE80: =IF(Test_Month!$E$45=0,"-",Test_Month!$E$45) -> - | AF80: =IF(Test_Month!$E$46=0,"-",Test_Month!$E$46) -> - | AG80: Period 5 | AH80: =IF(Test_Month!$C$48=0,"-",Test_Month!$C$48) -> - | AI80: =IF(Test_Month!$C$49=0,"-",Test_Month!$C$49) -> 45627 | AJ80: =IF(Test_Month!$E$49=0,"-",Test_Month!$E$49) -> 45628 | AK80: =IF(Test_Month!$C$50=0,"-",Test_Month!$C$50) -> - | AL80: =IF(Test_Month!$E$50=0,"-",Test_Month!$E$50) -> - | AM80: =IF(Test_Month!$E$51=0,"-",Test_Month!$E$51) -> - | AN80: Period 6 | AO80: =IF(Test_Month!$C$53=0,"-",Test_Month!$C$53) -> - | AP80: =IF(Test_Month!$C$54=0,"-",Test_Month!$C$54) -> 45658 | AQ80: =IF(Test_Month!$E$54=0,"-",Test_Month!$E$54) -> 45659 | AR80: =IF(Test_Month!$C$55=0,"-",Test_Month!$C$55) -> - | AS80: =IF(Test_Month!$E$55=0,"-",Test_Month!$E$55) -> - | AT80: =IF(Test_Month!$E$56=0,"-",Test_Month!$E$56) -> - | AU80: Period 7 | AV80: =IF(Test_Month!$C$58=0,"-",Test_Month!$C$58) -> - | AW80: =IF(Test_Month!$C$59=0,"-",Test_Month!$C$59) -> 45689 | AX80: =IF(Test_Month!$E$59=0,"-",Test_Month!$E$59) -> 45690 | AY80: =IF(Test_Month!$C$60=0,"-",Test_Month!$C$60) -> - | AZ80: =IF(Test_Month!$E$60=0,"-",Test_Month!$E$60) -> - | BA80: =IF(Test_Month!$E$61=0,"-",Test_Month!$E$61) -> - | BB80: Period 8 | BC80: =IF(Test_Month!$C$63=0,"-",Test_Month!$C$63) -> - | BD80: =IF(Test_Month!$C$64=0,"-",Test_Month!$C$64) -> 45717 | BE80: =IF(Test_Month!$E$64=0,"-",Test_Month!$E$64) -> 45718 | BF80: =IF(Test_Month!$C$65=0,"-",Test_Month!$C$65) -> - | BG80: =IF(Test_Month!$E$65=0,"-",Test_Month!$E$65) -> - | BH80: =IF(Test_Month!$E$66=0,"-",Test_Month!$E$66) -> - | BI80: Period 9 | BJ80: =IF(Test_Month!$C$68=0,"-",Test_Month!$C$68) -> - | BK80: =IF(Test_Month!$C$69=0,"-",Test_Month!$C$69) -> 45748 | BL80: =IF(Test_Month!$E$69=0,"-",Test_Month!$E$69) -> 45749 | BM80: =IF(Test_Month!$C$70=0,"-",Test_Month!$C$70) -> - | BN80: =IF(Test_Month!$E$70=0,"-",Test_Month!$E$70) -> - | BO80: =IF(Test_Month!$E$71=0,"-",Test_Month!$E$71) -> - | BP80: Period 10 | BQ80: =IF(Test_Month!$C$73=0,"-",Test_Month!$C$73) -> - | BR80: =IF(Test_Month!$C$74="-",0,Test_Month!$C$74) -> 45778 | BS80: =IF(Test_Month!$E$74=0,"-",Test_Month!$E$74) -> 45779 | BT80: =IF(Test_Month!$C$75=0,"-",Test_Month!$C$75) -> - | BU80: =IF(Test_Month!$E$75=0,"-",Test_Month!$E$75) -> - | BV80: =IF(Test_Month!$E$76=0,"-",Test_Month!$E$76) -> - | BW80: Period 11 | BX80: =IF(Test_Month!$C$78=0,"-",Test_Month!$C$78) -> - | BY80: =IF(Test_Month!$C$79=0,"-",Test_Month!$C$79) -> 45809 | BZ80: =IF(Test_Month!$E$79=0,"-",Test_Month!$E$79) -> 45810 | CA80: =IF(Test_Month!$C$80=0,"-",Test_Month!$C$80) -> - | CB80: =IF(Test_Month!$E$80=0,"-",Test_Month!$E$80) -> - | CC80: =IF(Test_Month!$E$81=0,"-",Test_Month!$E$81) -> - | CD80: Period 12 | CE80: =IF(Test_Month!$C$83=0,"-",Test_Month!$C$83) -> - | CF80: =IF(Test_Month!$C$84=0,"-",Test_Month!$C$84) -> 45839 | CG80: =IF(Test_Month!$E$84=0,"-",Test_Month!$E$84) -> 45840 | CH80: =IF(Test_Month!$C$85=0,"-",Test_Month!$C$85) -> - | CI80: =IF(Test_Month!$E$85=0,"-",Test_Month!$E$85) -> - | CJ80: =IF(Test_Month!$E$86=0,"-",Test_Month!$E$86) -> - | CK80: Period 13 | CL80: =IF(Test_Month!$C$88=0,"-",Test_Month!$C$88) -> - | CM80: =IF(Test_Month!$C$89=0,"-",Test_Month!$C$89) -> 45870 | CN80: =IF(Test_Month!$E$89=0,"-",Test_Month!$E$89) -> 45871 | CO80: =IF(Test_Month!$C$90=0,"-",Test_Month!$C$90) -> - | CP80: =IF(Test_Month!$E$90=0,"-",Test_Month!$E$90) -> - | CQ80: =IF(Test_Month!$E$91=0,"-",Test_Month!$E$91) -> - | CR80: Period 14 | CS80: =IF(Test_Month!$C$93=0,"-",Test_Month!$C$93) -> - | CT80: =IF(Test_Month!$C$94=0,"-",Test_Month!$C$94) -> 45901 | CU80: =IF(Test_Month!$E$94=0,"-",Test_Month!$E$94) -> 45902 | CV80: =IF(Test_Month!$C$95=0,"-",Test_Month!$C$95) -> - | CW80: =IF(Test_Month!$E$95=0,"-",Test_Month!$E$95) -> - | CX80: =IF(Test_Month!$E$96=0,"-",Test_Month!$E$96) -> - | CY80: Period 15 | CZ80: =IF(Test_Month!$C$98=0,"-",Test_Month!$C$98) -> - | DA80: =IF(Test_Month!$C$99=0,"-",Test_Month!$C$99) -> 45931 | DB80: =IF(Test_Month!$E$99=0,"-",Test_Month!$E$99) -> 45932 | DC80: =IF(Test_Month!$C$100=0,"-",Test_Month!$C$100) -> - | DD80: =IF(Test_Month!$E$100=0,"-",Test_Month!$E$100) -> - | DE80: =IF(Test_Month!$E$101=0,"-",Test_Month!$E$101) -> - | DF80: Period 16 | DG80: =IF(Test_Month!$C$103=0,"-",Test_Month!$C$103) -> - | DH80: =IF(Test_Month!$C$104=0,"-",Test_Month!$C$104) -> 45931 | DI80: =IF(Test_Month!$E$104=0,"-",Test_Month!$E$104) -> 45932 | DJ80: =IF(Test_Month!$C$105=0,"-",Test_Month!$C$105) -> - | DK80: =IF(Test_Month!$E$105=0,"-",Test_Month!$E$105) -> - | DL80: =IF(Test_Month!$E$106=0,"-",Test_Month!$E$106) -> - | DM80: Period 17 | DN80: =IF(Test_Month!$C$108=0,"-",Test_Month!$C$108) -> - | DO80: =IF(Test_Month!$C$109=0,"-",Test_Month!$C$109) -> - | DP80: =IF(Test_Month!$E$109=0,"-",Test_Month!$E$109) -> - | DQ80: =IF(Test_Month!$C$110=0,"-",Test_Month!$C$110) -> - | DR80: =IF(Test_Month!$E$110=0,"-",Test_Month!$E$110) -> - | DS80: =IF(Test_Month!$E$111=0,"-",Test_Month!$E$111) -> - | DT80: Period 18 | DU80: =IF(Test_Month!$C$113=0,"-",Test_Month!$C$113) -> - | DV80: =IF(Test_Month!$C$114=0,"-",Test_Month!$C$114) -> - | DW80: =IF(Test_Month!$E$114=0,"-",Test_Month!$E$114) -> - | DX80: =IF(Test_Month!$C$115=0,"-",Test_Month!$C$115) -> - | DY80: =IF(Test_Month!$E$115=0,"-",Test_Month!$E$115) -> - | DZ80: =IF(Test_Month!$E$116=0,"-",Test_Month!$E$116) -> - | EA80: Period 19 | EB80: =IF(Test_Month!$C$118=0,"-",Test_Month!$C$118) -> - | EC80: =IF(Test_Month!$C$119=0,"-",Test_Month!$C$119) -> - | ED80: =IF(Test_Month!$E$119=0,"-",Test_Month!$E$119) -> - | EE80: =IF(Test_Month!$C$120=0,"-",Test_Month!$C$120) -> - | EF80: =IF(Test_Month!$E$120=0,"-",Test_Month!$E$120) -> - | EG80: =IF(Test_Month!$E$121=0,"-",Test_Month!$E$121) -> - | EH80: Period 20 | EI80: =IF(Test_Month!$C$123=0,"-",Test_Month!$C$123) -> - | EJ80: =IF(Test_Month!$C$124=0,"-",Test_Month!$C$124) -> - | EK80: =IF(Test_Month!$E$124=0,"-",Test_Month!$E$124) -> - | EL80: =IF(Test_Month!$C$125=0,"-",Test_Month!$C$125) -> - | EM80: =IF(Test_Month!$E$125=0,"-",Test_Month!$E$125) -> - | EN80: =IF(Test_Month!$E$126=0,"-",Test_Month!$E$126) -> - | ES80: =C80 -> Test_Month | ET80: BEGINNING of the school year for STUDENTS | EU80: =IF(Test_Month!$C$8=0,"",Test_Month!$C$8) | EV80: =IF(OR(Test_Month!$C$9=0,Test_Month!$C$9=""),"",Test_Month!$C$9) -> 45474 | EW80: =EV80 -> 45474 | EZ80: =IF(Test_Month!$E$10=0,"",Test_Month!$E$10) | FA80: END of the school year for STUDENTS (NOT shown on graph) | FB80: =IF(Test_Month!$C$16=0,"",Test_Month!$C$16) | FC80: =IF(OR(Test_Month!$C$17=0,Test_Month!$C$17=""),"",Test_Month!$C$17) -> 45626 | FD80: =FC80 -> 45626 | FE80: - | FF80: - | FG80: =IF(Test_Month!$E$18=0,"-",Test_Month!$E$18) -> - | FH80: BEGINNING of the school year for TEACHERS (NOT shown on graph) | FI80: =IF(Test_Month!$C$12=0,"-",Test_Month!$C$12) -> - | FJ80: =IF(Test_Month!$C$13=0,"-",Test_Month!$C$13) -> - | FK80: =IF(Test_Month!$C$13=0,"-",Test_Month!$C$13) -> - | FL80: - | FM80: - | FN80: =IF(Test_Month!$E$14=0,"-",Test_Month!$E$14) -> - | FO80: END of the school year for TEACHERS (NOT shown on graph) | FP80: =IF(Test_Month!$C$20=0,"-",Test_Month!$C$20) -> - | FQ80: =IF(Test_Month!$C$21=0,"-",Test_Month!$C$21) -> - | FR80: =IF(Test_Month!$C$21=0,"-",Test_Month!$C$21) -> - | FS80: - | FT80: - | FU80: =IF(Test_Month!$E$22=0,"-",Test_Month!$E$22) -> -
A81: =Test_Month!$H$5 -> South | B81: =B80 -> Country_code | C81: {=MID(CELL("filename",Test_Month!A78),FIND("]",CELL("filename",Test_Month!A78))+1,255)} -> Test_Month | D81: =Test_Month!$H$6 -> Please specify | E81: =Test_Month!$A$27 -> Period 1 | F81: =IF(Test_Month!$I$28=0,"-",Test_Month!$I$28) -> - | G81: =IF(Test_Month!$I$29=0,"-",Test_Month!$I$29) -> 45505 | H81: =IF(Test_Month!$K$29=0,"-",Test_Month!$K$29) -> 45505 | I81: =IF(Test_Month!$I$30=0,"-",Test_Month!$I$30) -> - | J81: =IF(Test_Month!$K$30=0,"-",Test_Month!$K$30) -> - | K81: =IF(Test_Month!$K$31=0,"-",Test_Month!$K$31) -> - | L81: Period 2 | M81: =IF(Test_Month!$I$33=0,"-",Test_Month!$I$33) -> - | N81: =IF(Test_Month!$I$34=0,"-",Test_Month!$I$34) -> - | O81: =IF(Test_Month!$K$34=0,"-",Test_Month!$K$34) -> - | P81: =IF(Test_Month!$I$35=0,"-",Test_Month!$I$35) -> - | Q81: =IF(Test_Month!$K$35=0,"-",Test_Month!$K$35) -> - | R81: =IF(Test_Month!$K$36=0,"-",Test_Month!$K$36) -> - | S81: Period 3 | T81: =IF(Test_Month!$I$38=0,"-",Test_Month!$I$38) -> - | U81: =IF(Test_Month!$I$39=0,"-",Test_Month!$I$39) -> - | V81: =IF(Test_Month!$K$39=0,"-",Test_Month!$K$39) -> - | W81: =IF(Test_Month!$I$40=0,"-",Test_Month!$I$40) -> - | X81: =IF(Test_Month!$K$40=0,"-",Test_Month!$K$40) -> - | Y81: =IF(Test_Month!$K$41=0,"-",Test_Month!$K$41) -> - | Z81: Period 4 | AA81: =IF(Test_Month!$I$43=0,"-",Test_Month!$I$43) -> - | AB81: =IF(Test_Month!$I$44=0,"-",Test_Month!$I$44) -> - | AC81: =IF(Test_Month!$K$44=0,"-",Test_Month!$K$44) -> - | AD81: =IF(Test_Month!$I$45=0,"-",Test_Month!$I$45) -> - | AE81: =IF(Test_Month!$K$45=0,"-",Test_Month!$K$45) -> - | AF81: =IF(Test_Month!$K$46=0,"-",Test_Month!$K$46) -> - | AG81: Period 5 | AH81: =IF(Test_Month!$I$48=0,"-",Test_Month!$I$48) -> - | AI81: =IF(Test_Month!$I$49=0,"-",Test_Month!$I$49) -> - | AJ81: =IF(Test_Month!$K$49=0,"-",Test_Month!$K$49) -> - | AK81: =IF(Test_Month!$I$50=0,"-",Test_Month!$I$50) -> - | AL81: =IF(Test_Month!$K$50=0,"-",Test_Month!$K$50) -> - | AM81: =IF(Test_Month!$K$51=0,"-",Test_Month!$K$51) -> - | AN81: Period 6 | AO81: =IF(Test_Month!$I$53=0,"-",Test_Month!$I$53) -> - | AP81: =IF(Test_Month!$I$54=0,"-",Test_Month!$I$54) -> - | AQ81: =IF(Test_Month!$K$54=0,"-",Test_Month!$K$54) -> - | AR81: =IF(Test_Month!$I$55=0,"-",Test_Month!$I$55) -> - | AS81: =IF(Test_Month!$K$55=0,"-",Test_Month!$K$55) -> - | AT81: =IF(Test_Month!$K$56=0,"-",Test_Month!$K$56) -> - | AU81: Period 7 | AV81: =IF(Test_Month!$I$58=0,"-",Test_Month!$I$58) -> - | AW81: =IF(Test_Month!$I$59=0,"-",Test_Month!$I$59) -> - | AX81: =IF(Test_Month!$K$59=0,"-",Test_Month!$K$59) -> - | AY81: =IF(Test_Month!$I$60=0,"-",Test_Month!$I$60) -> - | AZ81: =IF(Test_Month!$K$60=0,"-",Test_Month!$K$60) -> - | BA81: =IF(Test_Month!$K$61=0,"-",Test_Month!$K$61) -> - | BB81: Period 8 | BC81: =IF(Test_Month!$I$63=0,"-",Test_Month!$I$63) -> - | BD81: =IF(Test_Month!$I$64=0,"-",Test_Month!$I$64) -> - | BE81: =IF(Test_Month!$K$64=0,"-",Test_Month!$K$64) -> - | BF81: =IF(Test_Month!$I$65=0,"-",Test_Month!$I$65) -> - | BG81: =IF(Test_Month!$K$65=0,"-",Test_Month!$K$65) -> - | BH81: =IF(Test_Month!$K$66=0,"-",Test_Month!$K$66) -> - | BI81: Period 9 | BJ81: =IF(Test_Month!$I$68=0,"-",Test_Month!$I$68) -> - | BK81: =IF(Test_Month!$I$69=0,"-",Test_Month!$I$69) -> - | BL81: =IF(Test_Month!$K$69=0,"-",Test_Month!$K$69) -> - | BM81: =IF(Test_Month!$I$70=0,"-",Test_Month!$I$70) -> - | BN81: =IF(Test_Month!$K$70=0,"-",Test_Month!$K$70) -> - | BO81: =IF(Test_Month!$K$71=0,"-",Test_Month!$K$71) -> - | BP81: Period 10 | BQ81: =IF(Test_Month!$I$73=0,"-",Test_Month!$I$73) -> - | BR81: =IF(Test_Month!$I$74="-",0,Test_Month!$I$74) -> 0 | BS81: =IF(Test_Month!$K$74=0,"-",Test_Month!$K$74) -> - | BT81: =IF(Test_Month!$I$75=0,"-",Test_Month!$I$75) -> - | BU81: =IF(Test_Month!$K$75=0,"-",Test_Month!$K$75) -> - | BV81: =IF(Test_Month!$K$76=0,"-",Test_Month!$K$76) -> - | BW81: Period 11 | BX81: =IF(Test_Month!$I$78=0,"-",Test_Month!$I$78) -> - | BY81: =IF(Test_Month!$I$79=0,"-",Test_Month!$I$79) -> - | BZ81: =IF(Test_Month!$K$79=0,"-",Test_Month!$K$79) -> - | CA81: =IF(Test_Month!$I$80=0,"-",Test_Month!$I$80) -> - | CB81: =IF(Test_Month!$K$80=0,"-",Test_Month!$K$80) -> - | CC81: =IF(Test_Month!$K$81=0,"-",Test_Month!$K$81) -> - | CD81: Period 12 | CE81: =IF(Test_Month!$I$83=0,"-",Test_Month!$I$83) -> - | CF81: =IF(Test_Month!$I$84=0,"-",Test_Month!$I$84) -> - | CG81: =IF(Test_Month!$K$84=0,"-",Test_Month!$K$84) -> - | CH81: =IF(Test_Month!$I$85=0,"-",Test_Month!$I$85) -> - | CI81: =IF(Test_Month!$K$85=0,"-",Test_Month!$K$85) -> - | CJ81: =IF(Test_Month!$K$86=0,"-",Test_Month!$K$86) -> - | CK81: Period 13 | CL81: =IF(Test_Month!$I$88=0,"-",Test_Month!$I$88) -> - | CM81: =IF(Test_Month!$I$89=0,"-",Test_Month!$I$89) -> - | CN81: =IF(Test_Month!$K$89=0,"-",Test_Month!$K$89) -> - | CO81: =IF(Test_Month!$I$90=0,"-",Test_Month!$I$90) -> - | CP81: =IF(Test_Month!$K$90=0,"-",Test_Month!$K$90) -> - | CQ81: =IF(Test_Month!$K$91=0,"-",Test_Month!$K$91) -> - | CR81: Period 14 | CS81: =IF(Test_Month!$I$93=0,"-",Test_Month!$I$93) -> - | CT81: =IF(Test_Month!$I$94=0,"-",Test_Month!$I$94) -> - | CU81: =IF(Test_Month!$K$94=0,"-",Test_Month!$K$94) -> - | CV81: =IF(Test_Month!$I$95=0,"-",Test_Month!$I$95) -> - | CW81: =IF(Test_Month!$K$95=0,"-",Test_Month!$K$95) -> - | CX81: =IF(Test_Month!$K$96=0,"-",Test_Month!$K$96) -> - | CY81: Period 15 | CZ81: =IF(Test_Month!$I$98=0,"-",Test_Month!$I$98) -> - | DA81: =IF(Test_Month!$I$99=0,"-",Test_Month!$I$99) -> - | DB81: =IF(Test_Month!$K$99=0,"-",Test_Month!$K$99) -> - | DC81: =IF(Test_Month!$I$100=0,"-",Test_Month!$I$100) -> - | DD81: =IF(Test_Month!$K$100=0,"-",Test_Month!$K$100) -> - | DE81: =IF(Test_Month!$K$101=0,"-",Test_Month!$K$101) -> - | DF81: Period 16 | DG81: =IF(Test_Month!$I$103=0,"-",Test_Month!$I$103) -> - | DH81: =IF(Test_Month!$I$104=0,"-",Test_Month!$I$104) -> - | DI81: =IF(Test_Month!$K$104=0,"-",Test_Month!$K$104) -> - | DJ81: =IF(Test_Month!$I$105=0,"-",Test_Month!$I$105) -> - | DK81: =IF(Test_Month!$K$105=0,"-",Test_Month!$K$105) -> - | DL81: =IF(Test_Month!$K$106=0,"-",Test_Month!$K$106) -> - | DM81: Period 17 | DN81: =IF(Test_Month!$I$108=0,"-",Test_Month!$I$108) -> - | DO81: =IF(Test_Month!$I$109=0,"-",Test_Month!$I$109) -> - | DP81: =IF(Test_Month!$K$109=0,"-",Test_Month!$K$109) -> - | DQ81: =IF(Test_Month!$I$110=0,"-",Test_Month!$I$110) -> - | DR81: =IF(Test_Month!$K$110=0,"-",Test_Month!$K$110) -> - | DS81: =IF(Test_Month!$K$111=0,"-",Test_Month!$K$111) -> - | DT81: Period 18 | DU81: =IF(Test_Month!$I$113=0,"-",Test_Month!$I$113) -> - | DV81: =IF(Test_Month!$I$114=0,"-",Test_Month!$I$114) -> - | DW81: =IF(Test_Month!$K$114=0,"-",Test_Month!$K$114) -> - | DX81: =IF(Test_Month!$I$115=0,"-",Test_Month!$I$115) -> - | DY81: =IF(Test_Month!$K$115=0,"-",Test_Month!$K$115) -> - | DZ81: =IF(Test_Month!$K$116=0,"-",Test_Month!$K$116) -> - | EA81: Period 19 | EB81: =IF(Test_Month!$I$118=0,"-",Test_Month!$I$118) -> - | EC81: =IF(Test_Month!$I$119=0,"-",Test_Month!$I$119) -> - | ED81: =IF(Test_Month!$K$119=0,"-",Test_Month!$K$119) -> - | EE81: =IF(Test_Month!$I$120=0,"-",Test_Month!$I$120) -> - | EF81: =IF(Test_Month!$K$120=0,"-",Test_Month!$K$120) -> - | EG81: =IF(Test_Month!$K$121=0,"-",Test_Month!$K$121) -> - | EH81: Period 20 | EI81: =IF(Test_Month!$I$123=0,"-",Test_Month!$I$123) -> - | EJ81: =IF(Test_Month!$I$124=0,"-",Test_Month!$I$124) -> - | EK81: =IF(Test_Month!$K$124=0,"-",Test_Month!$K$124) -> - | EL81: =IF(Test_Month!$I$125=0,"-",Test_Month!$I$125) -> - | EM81: =IF(Test_Month!$K$125=0,"-",Test_Month!$K$125) -> - | EN81: =IF(Test_Month!$K$126=0,"-",Test_Month!$K$126) -> - | ES81: =C81 -> Test_Month | ET81: BEGINNING of the school year for STUDENTS | EU81: =IF(Test_Month!$I$8=0,"",Test_Month!$I$8) | EV81: =IF(OR(Test_Month!$I$9=0,Test_Month!$I$9=""),"",Test_Month!$I$9) -> 45474 | EW81: =EV81 -> 45474 | EZ81: =IF(Test_Month!$K$10=0,"",Test_Month!$K$10) | FA81: END of the school year for STUDENTS (NOT shown on graph) | FB81: =IF(Test_Month!$I$16=0,"",Test_Month!$I$16) | FC81: =IF(OR(Test_Month!$I$17=0,Test_Month!$I$17=""),"",Test_Month!$I$17) -> 45626 | FD81: =FC81 -> 45626 | FE81: - | FF81: - | FG81: =IF(Test_Month!$K$18=0,"-",Test_Month!$K$18) -> - | FH81: BEGINNING of the school year for TEACHERS (NOT shown on graph) | FI81: =IF(Test_Month!$I$12=0,"-",Test_Month!$I$12) -> - | FJ81: =IF(Test_Month!$I$13=0,"-",Test_Month!$I$13) -> - | FK81: =IF(Test_Month!$I$13=0,"-",Test_Month!$I$13) -> - | FL81: - | FM81: - | FN81: =IF(Test_Month!$K$14=0,"-",Test_Month!$K$14) -> - | FO81: END of the school year for TEACHERS (NOT shown on graph) | FP81: =IF(Test_Month!$I$20=0,"-",Test_Month!$I$20) -> - | FQ81: =IF(Test_Month!$I$21=0,"-",Test_Month!$I$21) -> - | FR81: =IF(Test_Month!$I$21=0,"-",Test_Month!$I$21) -> - | FS81: - | FT81: - | FU81: =IF(Test_Month!$K$22=0,"-",Test_Month!$K$22) -> K22
A82: =Test_WE!$B$5 -> PRIMARY | B82: =B81 -> Country_code | C82: {=MID(CELL("filename",Test_WE!A79),FIND("]",CELL("filename",Test_WE!A79))+1,255)} -> Test_WE | D82: =Test_WE!$B$6 -> Please specify | E82: =Test_WE!$A$27 -> Period 1 | F82: =IF(Test_WE!$C$28=0,"-",Test_WE!$C$28) -> - | G82: =IF(Test_WE!$C$29=0,"-",Test_WE!$C$29) -> 45479 | H82: =IF(Test_WE!$E$29=0,"-",Test_WE!$E$29) -> 45480 | I82: =IF(Test_WE!$C$30=0,"-",Test_WE!$C$30) -> - | J82: =IF(Test_WE!$E$30=0,"-",Test_WE!$E$30) -> - | K82: =IF(Test_WE!$E$31=0,"-",Test_WE!$E$31) -> - | L82: Period 2 | M82: =IF(Test_WE!$C$33=0,"-",Test_WE!$C$33) -> - | N82: =IF(Test_WE!$C$34=0,"-",Test_WE!$C$34) -> 45486 | O82: =IF(Test_WE!$E$34=0,"-",Test_WE!$E$34) -> 45487 | P82: =IF(Test_WE!$C$35=0,"-",Test_WE!$C$35) -> - | Q82: =IF(Test_WE!$E$35=0,"-",Test_WE!$E$35) -> - | R82: =IF(Test_WE!$E$36=0,"-",Test_WE!$E$36) -> - | S82: Period 3 | T82: =IF(Test_WE!$C$38=0,"-",Test_WE!$C$38) -> - | U82: =IF(Test_WE!$C$39=0,"-",Test_WE!$C$39) -> 45493 | V82: =IF(Test_WE!$E$39=0,"-",Test_WE!$E$39) -> 45494 | W82: =IF(Test_WE!$C$40=0,"-",Test_WE!$C$40) -> - | X82: =IF(Test_WE!$E$40=0,"-",Test_WE!$E$40) -> - | Y82: =IF(Test_WE!$E$41=0,"-",Test_WE!$E$41) -> - | Z82: Period 4 | AA82: =IF(Test_WE!$C$43=0,"-",Test_WE!$C$43) -> - | AB82: =IF(Test_WE!$C$44=0,"-",Test_WE!$C$44) -> 45500 | AC82: =IF(Test_WE!$E$44=0,"-",Test_WE!$E$44) -> 45501 | AD82: =IF(Test_WE!$C$45=0,"-",Test_WE!$C$45) -> - | AE82: =IF(Test_WE!$E$45=0,"-",Test_WE!$E$45) -> - | AF82: =IF(Test_WE!$E$46=0,"-",Test_WE!$E$46) -> - | AG82: Period 5 | AH82: =IF(Test_WE!$C$48=0,"-",Test_WE!$C$48) -> - | AI82: =IF(Test_WE!$C$49=0,"-",Test_WE!$C$49) -> 45507 | AJ82: =IF(Test_WE!$E$49=0,"-",Test_WE!$E$49) -> 45508 | AK82: =IF(Test_WE!$C$50=0,"-",Test_WE!$C$50) -> - | AL82: =IF(Test_WE!$E$50=0,"-",Test_WE!$E$50) -> - | AM82: =IF(Test_WE!$E$51=0,"-",Test_WE!$E$51) -> - | AN82: Period 6 | AO82: =IF(Test_WE!$C$53=0,"-",Test_WE!$C$53) -> - | AP82: =IF(Test_WE!$C$54=0,"-",Test_WE!$C$54) -> 45514 | AQ82: =IF(Test_WE!$E$54=0,"-",Test_WE!$E$54) -> 45515 | AR82: =IF(Test_WE!$C$55=0,"-",Test_WE!$C$55) -> - | AS82: =IF(Test_WE!$E$55=0,"-",Test_WE!$E$55) -> - | AT82: =IF(Test_WE!$E$56=0,"-",Test_WE!$E$56) -> - | AU82: Period 7 | AV82: =IF(Test_WE!$C$58=0,"-",Test_WE!$C$58) -> - | AW82: =IF(Test_WE!$C$59=0,"-",Test_WE!$C$59) -> 45521 | AX82: =IF(Test_WE!$E$59=0,"-",Test_WE!$E$59) -> 45522 | AY82: =IF(Test_WE!$C$60=0,"-",Test_WE!$C$60) -> - | AZ82: =IF(Test_WE!$E$60=0,"-",Test_WE!$E$60) -> - | BA82: =IF(Test_WE!$E$61=0,"-",Test_WE!$E$61) -> - | BB82: Period 8 | BC82: =IF(Test_WE!$C$63=0,"-",Test_WE!$C$63) -> - | BD82: =IF(Test_WE!$C$64=0,"-",Test_WE!$C$64) -> 45528 | BE82: =IF(Test_WE!$E$64=0,"-",Test_WE!$E$64) -> 45529 | BF82: =IF(Test_WE!$C$65=0,"-",Test_WE!$C$65) -> - | BG82: =IF(Test_WE!$E$65=0,"-",Test_WE!$E$65) -> - | BH82: =IF(Test_WE!$E$66=0,"-",Test_WE!$E$66) -> - | BI82: Period 9 | BJ82: =IF(Test_WE!$C$68=0,"-",Test_WE!$C$68) -> - | BK82: =IF(Test_WE!$C$69=0,"-",Test_WE!$C$69) -> 45535 | BL82: =IF(Test_WE!$E$69=0,"-",Test_WE!$E$69) -> 45536 | BM82: =IF(Test_WE!$C$70=0,"-",Test_WE!$C$70) -> - | BN82: =IF(Test_WE!$E$70=0,"-",Test_WE!$E$70) -> - | BO82: =IF(Test_WE!$E$71=0,"-",Test_WE!$E$71) -> - | BP82: Period 10 | BQ82: =IF(Test_WE!$C$73=0,"-",Test_WE!$C$73) -> - | BR82: =IF(Test_WE!$C$74="-",0,Test_WE!$C$74) -> 45542 | BS82: =IF(Test_WE!$E$74=0,"-",Test_WE!$E$74) -> 45543 | BT82: =IF(Test_WE!$C$75=0,"-",Test_WE!$C$75) -> - | BU82: =IF(Test_WE!$E$75=0,"-",Test_WE!$E$75) -> - | BV82: =IF(Test_WE!$E$76=0,"-",Test_WE!$E$76) -> - | BW82: Period 11 | BX82: =IF(Test_WE!$C$78=0,"-",Test_WE!$C$78) -> - | BY82: =IF(Test_WE!$C$79=0,"-",Test_WE!$C$79) -> 45549 | BZ82: =IF(Test_WE!$E$79=0,"-",Test_WE!$E$79) -> 45550 | CA82: =IF(Test_WE!$C$80=0,"-",Test_WE!$C$80) -> - | CB82: =IF(Test_WE!$E$80=0,"-",Test_WE!$E$80) -> - | CC82: =IF(Test_WE!$E$81=0,"-",Test_WE!$E$81) -> - | CD82: Period 12 | CE82: =IF(Test_WE!$C$83=0,"-",Test_WE!$C$83) -> - | CF82: =IF(Test_WE!$C$84=0,"-",Test_WE!$C$84) -> 45556 | CG82: =IF(Test_WE!$E$84=0,"-",Test_WE!$E$84) -> 45557 | CH82: =IF(Test_WE!$C$85=0,"-",Test_WE!$C$85) -> - | CI82: =IF(Test_WE!$E$85=0,"-",Test_WE!$E$85) -> - | CJ82: =IF(Test_WE!$E$86=0,"-",Test_WE!$E$86) -> - | CK82: Period 13 | CL82: =IF(Test_WE!$C$88=0,"-",Test_WE!$C$88) -> - | CM82: =IF(Test_WE!$C$89=0,"-",Test_WE!$C$89) -> 45563 | CN82: =IF(Test_WE!$E$89=0,"-",Test_WE!$E$89) -> 45564 | CO82: =IF(Test_WE!$C$90=0,"-",Test_WE!$C$90) -> - | CP82: =IF(Test_WE!$E$90=0,"-",Test_WE!$E$90) -> - | CQ82: =IF(Test_WE!$E$91=0,"-",Test_WE!$E$91) -> - | CR82: Period 14 | CS82: =IF(Test_WE!$C$93=0,"-",Test_WE!$C$93) -> - | CT82: =IF(Test_WE!$C$94=0,"-",Test_WE!$C$94) -> 45570 | CU82: =IF(Test_WE!$E$94=0,"-",Test_WE!$E$94) -> 45571 | CV82: =IF(Test_WE!$C$95=0,"-",Test_WE!$C$95) -> - | CW82: =IF(Test_WE!$E$95=0,"-",Test_WE!$E$95) -> - | CX82: =IF(Test_WE!$E$96=0,"-",Test_WE!$E$96) -> - | CY82: Period 15 | CZ82: =IF(Test_WE!$C$98=0,"-",Test_WE!$C$98) -> - | DA82: =IF(Test_WE!$C$99=0,"-",Test_WE!$C$99) -> 45577 | DB82: =IF(Test_WE!$E$99=0,"-",Test_WE!$E$99) -> 45578 | DC82: =IF(Test_WE!$C$100=0,"-",Test_WE!$C$100) -> - | DD82: =IF(Test_WE!$E$100=0,"-",Test_WE!$E$100) -> - | DE82: =IF(Test_WE!$E$101=0,"-",Test_WE!$E$101) -> - | DF82: Period 16 | DG82: =IF(Test_WE!$C$103=0,"-",Test_WE!$C$103) -> - | DH82: =IF(Test_WE!$C$104=0,"-",Test_WE!$C$104) -> 45584 | DI82: =IF(Test_WE!$E$104=0,"-",Test_WE!$E$104) -> 45585 | DJ82: =IF(Test_WE!$C$105=0,"-",Test_WE!$C$105) -> - | DK82: =IF(Test_WE!$E$105=0,"-",Test_WE!$E$105) -> - | DL82: =IF(Test_WE!$E$106=0,"-",Test_WE!$E$106) -> - | DM82: Period 17 | DN82: =IF(Test_WE!$C$108=0,"-",Test_WE!$C$108) -> - | DO82: =IF(Test_WE!$C$109=0,"-",Test_WE!$C$109) -> 45591 | DP82: =IF(Test_WE!$E$109=0,"-",Test_WE!$E$109) -> 45592 | DQ82: =IF(Test_WE!$C$110=0,"-",Test_WE!$C$110) -> - | DR82: =IF(Test_WE!$E$110=0,"-",Test_WE!$E$110) -> - | DS82: =IF(Test_WE!$E$111=0,"-",Test_WE!$E$111) -> - | DT82: Period 18 | DU82: =IF(Test_WE!$C$113=0,"-",Test_WE!$C$113) -> - | DV82: =IF(Test_WE!$C$114=0,"-",Test_WE!$C$114) -> 45598 | DW82: =IF(Test_WE!$E$114=0,"-",Test_WE!$E$114) -> 45599 | DX82: =IF(Test_WE!$C$115=0,"-",Test_WE!$C$115) -> - | DY82: =IF(Test_WE!$E$115=0,"-",Test_WE!$E$115) -> - | DZ82: =IF(Test_WE!$E$116=0,"-",Test_WE!$E$116) -> - | EA82: Period 19 | EB82: =IF(Test_WE!$C$118=0,"-",Test_WE!$C$118) -> - | EC82: =IF(Test_WE!$C$119=0,"-",Test_WE!$C$119) -> 45605 | ED82: =IF(Test_WE!$E$119=0,"-",Test_WE!$E$119) -> 45606 | EE82: =IF(Test_WE!$C$120=0,"-",Test_WE!$C$120) -> - | EF82: =IF(Test_WE!$E$120=0,"-",Test_WE!$E$120) -> - | EG82: =IF(Test_WE!$E$121=0,"-",Test_WE!$E$121) -> - | EH82: Period 20 | EI82: =IF(Test_WE!$C$123=0,"-",Test_WE!$C$123) -> - | EJ82: =IF(Test_WE!$C$124=0,"-",Test_WE!$C$124) -> 45612 | EK82: =IF(Test_WE!$E$124=0,"-",Test_WE!$E$124) -> 45613 | EL82: =IF(Test_WE!$C$125=0,"-",Test_WE!$C$125) -> - | EM82: =IF(Test_WE!$E$125=0,"-",Test_WE!$E$125) -> - | EN82: =IF(Test_WE!$E$126=0,"-",Test_WE!$E$126) -> - | ES82: =C82 -> Test_WE | ET82: BEGINNING of the school year for STUDENTS | EU82: =IF(Test_WE!$C$8=0,"",Test_WE!$C$8) | EV82: =IF(OR(Test_WE!$C$9=0,Test_WE!$C$9=""),"-",Test_WE!$C$9) -> 45474 | EW82: =EV82 -> 45474 | EZ82: =IF(OR(Test_WE!$E$10=0,Test_WE!$E$10=""),"-",Test_WE!$E$10) -> - | FA82: END of the school year for STUDENTS (NOT shown on graph) | FB82: =IF(Test_WE!$C$16=0,"",Test_WE!$C$16) | FC82: =IF(OR(Test_WE!$C$17=0,Test_WE!$C$17=""),"-",Test_WE!$C$17) -> 45901 | FD82: =FC82 -> 45901 | FG82: =IF(OR(Test_WE!$E$18=0,Test_WE!$E$18=""),"-",Test_WE!$E$18) -> - | FH82: BEGINNING of the school year for TEACHERS (NOT shown on graph) | FI82: =IF(OR(Test_WE!$C$12=0,Test_WE!$C$12=""),"-",Test_WE!$C$12) -> - | FJ82: =IF(OR(Test_WE!$C$13=0,Test_WE!$C$13=""),"-",Test_WE!$C$13) -> - | FN82: =IF(OR(Test_WE!$E$14=0,Test_WE!$E$14=""),"-",Test_WE!$E$14) -> - | FO82: END of the school year for TEACHERS (NOT shown on graph) | FP82: =IF(OR(Test_WE!$C$20=0,Test_WE!$C$20=""),"-",Test_WE!$C$20) -> - | FQ82: =IF(OR(Test_WE!$C$21=0,Test_WE!$C$21=""),"-",Test_WE!$C$21) -> - | FU82: =IF(OR(Test_WE!$E$22=0,Test_WE!$E$22=""),"-",Test_WE!$E$22) -> -
A83: =Test_WE!$H$5 -> SECONDARY | B83: =B82 -> Country_code | C83: {=MID(CELL("filename",Test_WE!A80),FIND("]",CELL("filename",Test_WE!A80))+1,255)} -> Test_WE | D83: =Test_WE!$H$6 -> Please specify | E83: =Test_WE!$A$27 -> Period 1 | F83: =IF(Test_WE!$I$28=0,"-",Test_WE!$I$28) -> - | G83: =IF(Test_WE!$I$29=0,"-",Test_WE!$I$29) -> 45619 | H83: =IF(Test_WE!$K$29=0,"-",Test_WE!$K$29) -> 45620 | I83: =IF(Test_WE!$I$30=0,"-",Test_WE!$I$30) -> - | J83: =IF(Test_WE!$K$30=0,"-",Test_WE!$K$30) -> - | K83: =IF(Test_WE!$K$31=0,"-",Test_WE!$K$31) -> - | L83: Period 2 | M83: =IF(Test_WE!$I$33=0,"-",Test_WE!$I$33) -> - | N83: =IF(Test_WE!$I$34=0,"-",Test_WE!$I$34) -> 45626 | O83: =IF(Test_WE!$K$34=0,"-",Test_WE!$K$34) -> 45627 | P83: =IF(Test_WE!$I$35=0,"-",Test_WE!$I$35) -> - | Q83: =IF(Test_WE!$K$35=0,"-",Test_WE!$K$35) -> - | R83: =IF(Test_WE!$K$36=0,"-",Test_WE!$K$36) -> - | S83: Period 3 | T83: =IF(Test_WE!$I$38=0,"-",Test_WE!$I$38) -> - | U83: =IF(Test_WE!$I$39=0,"-",Test_WE!$I$39) -> 45633 | V83: =IF(Test_WE!$K$39=0,"-",Test_WE!$K$39) -> 45634 | W83: =IF(Test_WE!$I$40=0,"-",Test_WE!$I$40) -> - | X83: =IF(Test_WE!$K$40=0,"-",Test_WE!$K$40) -> - | Y83: =IF(Test_WE!$K$41=0,"-",Test_WE!$K$41) -> - | Z83: Period 4 | AA83: =IF(Test_WE!$I$43=0,"-",Test_WE!$I$43) -> - | AB83: =IF(Test_WE!$I$44=0,"-",Test_WE!$I$44) -> 45640 | AC83: =IF(Test_WE!$K$44=0,"-",Test_WE!$K$44) -> 45641 | AD83: =IF(Test_WE!$I$45=0,"-",Test_WE!$I$45) -> - | AE83: =IF(Test_WE!$K$45=0,"-",Test_WE!$K$45) -> - | AF83: =IF(Test_WE!$K$46=0,"-",Test_WE!$K$46) -> - | AG83: Period 5 | AH83: =IF(Test_WE!$I$48=0,"-",Test_WE!$I$48) -> - | AI83: =IF(Test_WE!$I$49=0,"-",Test_WE!$I$49) -> 45647 | AJ83: =IF(Test_WE!$K$49=0,"-",Test_WE!$K$49) -> 45648 | AK83: =IF(Test_WE!$I$50=0,"-",Test_WE!$I$50) -> - | AL83: =IF(Test_WE!$K$50=0,"-",Test_WE!$K$50) -> - | AM83: =IF(Test_WE!$K$51=0,"-",Test_WE!$K$51) -> - | AN83: Period 6 | AO83: =IF(Test_WE!$I$53=0,"-",Test_WE!$I$53) -> - | AP83: =IF(Test_WE!$I$54=0,"-",Test_WE!$I$54) -> 45654 | AQ83: =IF(Test_WE!$K$54=0,"-",Test_WE!$K$54) -> 45655 | AR83: =IF(Test_WE!$I$55=0,"-",Test_WE!$I$55) -> - | AS83: =IF(Test_WE!$K$55=0,"-",Test_WE!$K$55) -> - | AT83: =IF(Test_WE!$K$56=0,"-",Test_WE!$K$56) -> - | AU83: Period 7 | AV83: =IF(Test_WE!$I$58=0,"-",Test_WE!$I$58) -> - | AW83: =IF(Test_WE!$I$59=0,"-",Test_WE!$I$59) -> 45661 | AX83: =IF(Test_WE!$K$59=0,"-",Test_WE!$K$59) -> 45662 | AY83: =IF(Test_WE!$I$60=0,"-",Test_WE!$I$60) -> - | AZ83: =IF(Test_WE!$K$60=0,"-",Test_WE!$K$60) -> - | BA83: =IF(Test_WE!$K$61=0,"-",Test_WE!$K$61) -> - | BB83: Period 8 | BC83: =IF(Test_WE!$I$63=0,"-",Test_WE!$I$63) -> - | BD83: =IF(Test_WE!$I$64=0,"-",Test_WE!$I$64) -> 45668 | BE83: =IF(Test_WE!$K$64=0,"-",Test_WE!$K$64) -> 45669 | BF83: =IF(Test_WE!$I$65=0,"-",Test_WE!$I$65) -> - | BG83: =IF(Test_WE!$K$65=0,"-",Test_WE!$K$65) -> - | BH83: =IF(Test_WE!$K$66=0,"-",Test_WE!$K$66) -> - | BI83: Period 9 | BJ83: =IF(Test_WE!$I$68=0,"-",Test_WE!$I$68) -> - | BK83: =IF(Test_WE!$I$69=0,"-",Test_WE!$I$69) -> 45675 | BL83: =IF(Test_WE!$K$69=0,"-",Test_WE!$K$69) -> 45676 | BM83: =IF(Test_WE!$I$70=0,"-",Test_WE!$I$70) -> - | BN83: =IF(Test_WE!$K$70=0,"-",Test_WE!$K$70) -> - | BO83: =IF(Test_WE!$K$71=0,"-",Test_WE!$K$71) -> - | BP83: Period 10 | BQ83: =IF(Test_WE!$I$73=0,"-",Test_WE!$I$73) -> - | BR83: =IF(Test_WE!$I$74="-",0,Test_WE!$I$74) -> 45682 | BS83: =IF(Test_WE!$K$74=0,"-",Test_WE!$K$74) -> 45683 | BT83: =IF(Test_WE!$I$75=0,"-",Test_WE!$I$75) -> - | BU83: =IF(Test_WE!$K$75=0,"-",Test_WE!$K$75) -> - | BV83: =IF(Test_WE!$K$76=0,"-",Test_WE!$K$76) -> - | BW83: Period 11 | BX83: =IF(Test_WE!$I$78=0,"-",Test_WE!$I$78) -> - | BY83: =IF(Test_WE!$I$79=0,"-",Test_WE!$I$79) -> 45689 | BZ83: =IF(Test_WE!$K$79=0,"-",Test_WE!$K$79) -> 45690 | CA83: =IF(Test_WE!$I$80=0,"-",Test_WE!$I$80) -> - | CB83: =IF(Test_WE!$K$80=0,"-",Test_WE!$K$80) -> - | CC83: =IF(Test_WE!$K$81=0,"-",Test_WE!$K$81) -> - | CD83: Period 12 | CE83: =IF(Test_WE!$I$83=0,"-",Test_WE!$I$83) -> - | CF83: =IF(Test_WE!$I$84=0,"-",Test_WE!$I$84) -> 45696 | CG83: =IF(Test_WE!$K$84=0,"-",Test_WE!$K$84) -> 45697 | CH83: =IF(Test_WE!$I$85=0,"-",Test_WE!$I$85) -> - | CI83: =IF(Test_WE!$K$85=0,"-",Test_WE!$K$85) -> - | CJ83: =IF(Test_WE!$K$86=0,"-",Test_WE!$K$86) -> - | CK83: Period 13 | CL83: =IF(Test_WE!$I$88=0,"-",Test_WE!$I$88) -> - | CM83: =IF(Test_WE!$I$89=0,"-",Test_WE!$I$89) -> 45703 | CN83: =IF(Test_WE!$K$89=0,"-",Test_WE!$K$89) -> 45704 | CO83: =IF(Test_WE!$I$90=0,"-",Test_WE!$I$90) -> - | CP83: =IF(Test_WE!$K$90=0,"-",Test_WE!$K$90) -> - | CQ83: =IF(Test_WE!$K$91=0,"-",Test_WE!$K$91) -> - | CR83: Period 14 | CS83: =IF(Test_WE!$I$93=0,"-",Test_WE!$I$93) -> - | CT83: =IF(Test_WE!$I$94=0,"-",Test_WE!$I$94) -> 45710 | CU83: =IF(Test_WE!$K$94=0,"-",Test_WE!$K$94) -> 45711 | CV83: =IF(Test_WE!$I$95=0,"-",Test_WE!$I$95) -> - | CW83: =IF(Test_WE!$K$95=0,"-",Test_WE!$K$95) -> - | CX83: =IF(Test_WE!$K$96=0,"-",Test_WE!$K$96) -> - | CY83: Period 15 | CZ83: =IF(Test_WE!$I$98=0,"-",Test_WE!$I$98) -> - | DA83: =IF(Test_WE!$I$99=0,"-",Test_WE!$I$99) -> 45717 | DB83: =IF(Test_WE!$K$99=0,"-",Test_WE!$K$99) -> 45718 | DC83: =IF(Test_WE!$I$100=0,"-",Test_WE!$I$100) -> - | DD83: =IF(Test_WE!$K$100=0,"-",Test_WE!$K$100) -> - | DE83: =IF(Test_WE!$K$101=0,"-",Test_WE!$K$101) -> - | DF83: Period 16 | DG83: =IF(Test_WE!$I$103=0,"-",Test_WE!$I$103) -> - | DH83: =IF(Test_WE!$I$104=0,"-",Test_WE!$I$104) -> 45724 | DI83: =IF(Test_WE!$K$104=0,"-",Test_WE!$K$104) -> 45725 | DJ83: =IF(Test_WE!$I$105=0,"-",Test_WE!$I$105) -> - | DK83: =IF(Test_WE!$K$105=0,"-",Test_WE!$K$105) -> - | DL83: =IF(Test_WE!$K$106=0,"-",Test_WE!$K$106) -> - | DM83: Period 17 | DN83: =IF(Test_WE!$I$108=0,"-",Test_WE!$I$108) -> - | DO83: =IF(Test_WE!$I$109=0,"-",Test_WE!$I$109) -> 45731 | DP83: =IF(Test_WE!$K$109=0,"-",Test_WE!$K$109) -> 45732 | DQ83: =IF(Test_WE!$I$110=0,"-",Test_WE!$I$110) -> - | DR83: =IF(Test_WE!$K$110=0,"-",Test_WE!$K$110) -> - | DS83: =IF(Test_WE!$K$111=0,"-",Test_WE!$K$111) -> - | DT83: Period 18 | DU83: =IF(Test_WE!$I$113=0,"-",Test_WE!$I$113) -> - | DV83: =IF(Test_WE!$I$114=0,"-",Test_WE!$I$114) -> 45738 | DW83: =IF(Test_WE!$K$114=0,"-",Test_WE!$K$114) -> 45739 | DX83: =IF(Test_WE!$I$115=0,"-",Test_WE!$I$115) -> - | DY83: =IF(Test_WE!$K$115=0,"-",Test_WE!$K$115) -> - | DZ83: =IF(Test_WE!$K$116=0,"-",Test_WE!$K$116) -> - | EA83: Period 19 | EB83: =IF(Test_WE!$I$118=0,"-",Test_WE!$I$118) -> - | EC83: =IF(Test_WE!$I$119=0,"-",Test_WE!$I$119) -> 45745 | ED83: =IF(Test_WE!$K$119=0,"-",Test_WE!$K$119) -> 45746 | EE83: =IF(Test_WE!$I$120=0,"-",Test_WE!$I$120) -> - | EF83: =IF(Test_WE!$K$120=0,"-",Test_WE!$K$120) -> - | EG83: =IF(Test_WE!$K$121=0,"-",Test_WE!$K$121) -> - | EH83: Period 20 | EI83: =IF(Test_WE!$I$123=0,"-",Test_WE!$I$123) -> - | EJ83: =IF(Test_WE!$I$124=0,"-",Test_WE!$I$124) -> 45752 | EK83: =IF(Test_WE!$K$124=0,"-",Test_WE!$K$124) -> 45753 | EL83: =IF(Test_WE!$I$125=0,"-",Test_WE!$I$125) -> - | EM83: =IF(Test_WE!$K$125=0,"-",Test_WE!$K$125) -> - | EN83: =IF(Test_WE!$K$126=0,"-",Test_WE!$K$126) -> - | ES83: =C83 -> Test_WE | ET83: BEGINNING of the school year for STUDENTS | EU83: =IF(Test_WE!$I$8=0,"",Test_WE!$I$8) | EV83: =IF(OR(Test_WE!$I$9=0,Test_WE!$I$9=""),"-",Test_WE!$I$9) -> 45474 | EW83: =EV83 -> 45474 | EZ83: =IF(OR(Test_WE!$K$10=0,Test_WE!$K$10=""),"-",Test_WE!$K$10) -> - | FA83: END of the school year for STUDENTS (NOT shown on graph) | FB83: =IF(Test_WE!$I$16=0,"",Test_WE!$I$16) | FC83: =IF(OR(Test_WE!$I$17=0,Test_WE!$I$17=""),"-",Test_WE!$I$17) -> 45901 | FD83: =FC83 -> 45901 | FG83: =IF(OR(Test_WE!$K$18=0,Test_WE!$K$18=""),"-",Test_WE!$K$18) -> - | FH83: BEGINNING of the school year for TEACHERS (NOT shown on graph) | FI83: =IF(OR(Test_WE!$I$12=0,Test_WE!$I$12=""),"-",Test_WE!$I$12) -> - | FJ83: =IF(OR(Test_WE!$I$13=0,Test_WE!$I$13=""),"-",Test_WE!$I$13) -> - | FN83: =IF(OR(Test_WE!$K$14=0,Test_WE!$K$14=""),"-",Test_WE!$K$14) -> - | FO83: END of the school year for TEACHERS (NOT shown on graph) | FP83: =IF(OR(Test_WE!$I$20=0,Test_WE!$I$20=""),"-",Test_WE!$I$20) -> - | FQ83: =IF(OR(Test_WE!$I$21=0,Test_WE!$I$21=""),"-",Test_WE!$I$21) -> - | FU83: =IF(OR(Test_WE!$K$22=0,Test_WE!$K$22=""),"-",Test_WE!$K$22) -> -

Sheet Illust
B1: 45474 | D1: Per1 | I1: per2 | N1: per3 | S1: per4 | X1: per5 | AC1: per6 | AH1: per7 | AM1: per8 | AR1: per9 | AW1: per10 | BB1: per11 | BG1: per12 | BL1: per13 | BQ1: per14 | BV1: per15 | CA1: per16 | CF1: per17 | CK1: per18 | CP1: per19 | CU1: per20 | DE1: épaisseur symbole | DF1: 1 | DG1: begS | DM1: 30 | DN1: End students | DU1: begS S >T | EA1: 30 | EB1: beg S = T | EH1: 31 | EI1: End
A2: 2 | B2: =B1 -> 45474 | D2: 45474 | H2: =I2-D2 -> 31 | I2: 45505 | M2: =N2-I2 -> 31 | N2: 45536 | R2: =S2-N2 -> 30 | S2: 45566 | X2: 45597 | AC2: 45627
A3: =B1 -> 45474 | B3: 45931 | C3: Amorce generale | D3: =D1 & " " & "Amorce" -> Per1 Amorce | E3: =D1 & " " & "var_deb" -> Per1 var_deb | F3: =D1 & " " & "fixed/min number" -> Per1 fixed/min number | G3: =D1 & " " & "max_number" -> Per1 max_number | H3: =D1 & " " & "var_fin" -> Per1 var_fin | I3: =I1 & " " & "Amorce" -> per2 Amorce | J3: =I1 & " " & "var_deb" -> per2 var_deb | K3: =I1 & " " & "fixed/min number" -> per2 fixed/min number | L3: =I1 & " " & "max_number" -> per2 max_number | M3: =I1 & " " & "var_fin" -> per2 var_fin | N3: =N1 & " " & "Amorce" -> per3 Amorce | O3: =N1 & " " & "var_deb" -> per3 var_deb | P3: =N1 & " " & "fixed/min number" -> per3 fixed/min number | Q3: =N1 & " " & "max_number" -> per3 max_number | R3: =N1 & " " & "var_fin" -> per3 var_fin | S3: =S1 & " " & "Amorce" -> per4 Amorce | T3: =S1 & " " & "var_deb" -> per4 var_deb | U3: =S1 & " " & "fixed/min number" -> per4 fixed/min number | V3: =S1 & " " & "max_number" -> per4 max_number | W3: =S1 & " " & "var_fin" -> per4 var_fin | X3: =X1 & " " & "Amorce" -> per5 Amorce | Y3: =X1 & " " & "var_deb" -> per5 var_deb | Z3: =X1 & " " & "fixed/min number" -> per5 fixed/min number | AA3: =X1 & " " & "max_number" -> per5 max_number | AB3: =X1 & " " & "var_fin" -> per5 var_fin | AC3: =AC1 & " " & "Amorce" -> per6 Amorce | AD3: =AC1 & " " & "var_deb" -> per6 var_deb | AE3: =AC1 & " " & "fixed/min number" -> per6 fixed/min number | AF3: =AC1 & " " & "max_number" -> per6 max_number | AG3: =AC1 & " " & "var_fin" -> per6 var_fin | AH3: =AH1 & " " & "Amorce" -> per7 Amorce | AI3: =AH1 & " " & "var_deb" -> per7 var_deb | AJ3: =AH1 & " " & "fixed/min number" -> per7 fixed/min number | AK3: =AH1 & " " & "max_number" -> per7 max_number | AL3: =AH1 & " " & "var_fin" -> per7 var_fin | AM3: =AM1 & " " & "Amorce" -> per8 Amorce | AN3: =AM1 & " " & "var_deb" -> per8 var_deb | AO3: =AM1 & " " & "fixed/min number" -> per8 fixed/min number | AP3: =AM1 & " " & "max_number" -> per8 max_number | AQ3: =AM1 & " " & "var_fin" -> per8 var_fin | AR3: =AR1 & " " & "Amorce" -> per9 Amorce | AS3: =AR1 & " " & "var_deb" -> per9 var_deb | AT3: =AR1 & " " & "fixed/min number" -> per9 fixed/min number | AU3: =AR1 & " " & "max_number" -> per9 max_number | AV3: =AR1 & " " & "var_fin" -> per9 var_fin | AW3: =AW1 & " " & "Amorce" -> per10 Amorce | AX3: =AW1 & " " & "var_deb" -> per10 var_deb | AY3: =AW1 & " " & "fixed/min number" -> per10 fixed/min number | AZ3: =AW1 & " " & "max_number" -> per10 max_number | BA3: =AW1 & " " & "var_fin" -> per10 var_fin | BB3: =BB1 & " " & "Amorce" -> per11 Amorce | BC3: =BB1 & " " & "var_deb" -> per11 var_deb | BD3: =BB1 & " " & "fixed/min number" -> per11 fixed/min number | BE3: =BB1 & " " & "max_number" -> per11 max_number | BF3: =BB1 & " " & "var_fin" -> per11 var_fin | BG3: =BG1 & " " & "Amorce" -> per12 Amorce | BH3: =BG1 & " " & "var_deb" -> per12 var_deb | BI3: =BG1 & " " & "fixed/min number" -> per12 fixed/min number | BJ3: =BG1 & " " & "max_number" -> per12 max_number | BK3: =BG1 & " " & "var_fin" -> per12 var_fin | BL3: =BL1 & " " & "Amorce" -> per13 Amorce | BM3: =BL1 & " " & "var_deb" -> per13 var_deb | BN3: =BL1 & " " & "fixed/min number" -> per13 fixed/min number | BO3: =BL1 & " " & "max_number" -> per13 max_number | BP3: =BL1 & " " & "var_fin" -> per13 var_fin | BQ3: =BQ1 & " " & "Amorce" -> per14 Amorce | BR3: =BQ1 & " " & "var_deb" -> per14 var_deb | BS3: =BQ1 & " " & "fixed/min number" -> per14 fixed/min number | BT3: =BQ1 & " " & "max_number" -> per14 max_number | BU3: =BQ1 & " " & "var_fin" -> per14 var_fin | BV3: =BV1 & " " & "Amorce" -> per15 Amorce | BW3: =BV1 & " " & "var_deb" -> per15 var_deb | BX3: =BV1 & " " & "fixed/min number" -> per15 fixed/min number | BY3: =BV1 & " " & "max_number" -> per15 max_number | BZ3: =BV1 & " " & "var_fin" -> per15 var_fin | CA3: =CA1 & " " & "Amorce" -> per16 Amorce | CB3: =CA1 & " " & "var_deb" -> per16 var_deb | CC3: =CA1 & " " & "fixed/min number" -> per16 fixed/min number | CD3: =CA1 & " " & "max_number" -> per16 max_number | CE3: =CA1 & " " & "var_fin" -> per16 var_fin | CF3: =CF1 & " " & "Amorce" -> per17 Amorce | CG3: =CF1 & " " & "var_deb" -> per17 var_deb | CH3: =CF1 & " " & "fixed/min number" -> per17 fixed/min number | CI3: =CF1 & " " & "max_number" -> per17 max_number | CJ3: =CF1 & " " & "var_fin" -> per17 var_fin | CK3: =CK1 & " " & "Amorce" -> per18 Amorce | CL3: =CK1 & " " & "var_deb" -> per18 var_deb | CM3: =CK1 & " " & "fixed/min number" -> per18 fixed/min number | CN3: =CK1 & " " & "max_number" -> per18 max_number | CO3: =CK1 & " " & "var_fin" -> per18 var_fin | CP3: =CP1 & " " & "Amorce" -> per19 Amorce | CQ3: =CP1 & " " & "var_deb" -> per19 var_deb | CR3: =CP1 & " " & "fixed/min number" -> per19 fixed/min number | CS3: =CP1 & " " & "max_number" -> per19 max_number | CT3: =CP1 & " " & "var_fin" -> per19 var_fin | CU3: =CU1 & " " & "Amorce" -> per20 Amorce | CV3: =CU1 & " " & "var_deb" -> per20 var_deb | CW3: =CU1 & " " & "fixed/min number" -> per20 fixed/min number | CX3: =CU1 & " " & "max_number" -> per20 max_number | CY3: =CU1 & " " & "var_fin" -> per20 var_fin | DA3: =DaB!#REF! -> #REF! | DF3: =C3 -> Amorce generale | DG3: =DG1 & " " & "Amorce" -> begS Amorce | DH3: =DG1 & " " & "var_deb" -> begS var_deb | DI3: =DG1 & " " & "fixed/min number" -> begS fixed/min number | DJ3: =DH1 & " " & "fixed/min number" -> fixed/min number | DM3: =DG1 & " " & "var_fin" -> begS var_fin | DN3: =DN1 & " " & "Amorce" -> End students Amorce | DO3: =DN1 & " " & "var_deb" -> End students var_deb | DP3: =DN1 & " " & "fixed/min number" -> End students fixed/min number | DQ3: =DO1 & " " & "fixed/min number" -> fixed/min number | DR3: =DN1 & " " & "max_number" -> End students max_number | DS3: =DO1 & " " & "max_number" -> max_number | DT3: =DN1 & " " & "var_fin" -> End students var_fin | DU3: =DU1 & " " & "Amorce" -> begS S >T Amorce | DV3: =DU1 & " " & "var_deb" -> begS S >T var_deb | DW3: =DU1 & " " & "fixed/min number" -> begS S >T fixed/min number | DX3: =DV1 & " " & "fixed/min number" -> fixed/min number | EA3: =DU1 & " " & "var_fin" -> begS S >T var_fin | EB3: =EB1 & " " & "Amorce" -> beg S = T Amorce | EC3: =EB1 & " " & "var_deb" -> beg S = T var_deb | ED3: =EB1 & " " & "fixed/min number" -> beg S = T fixed/min number | EE3: =EC1 & " " & "fixed/min number" -> fixed/min number | EF3: =EB1 & " " & "max_number" -> beg S = T max_number | EG3: =EC1 & " " & "max_number" -> max_number | EH3: =EB1 & " " & "var_fin" -> beg S = T var_fin | EI3: =EI1 & " " & "Amorce" -> End Amorce | EJ3: =EI1 & " " & "var_deb" -> End var_deb | EK3: =EI1 & " " & "fixed/min number" -> End fixed/min number | EL3: =EI1 & " " & "max_number" -> End max_number | EM3: =EI1 & " " & "var_fin" -> End var_fin | EN3: End Amorce | EO3: End var_deb | EP3: End fixed/min number | EQ3: End max_number | ER3: End var_fin | ET3: End var_deb | EU3: End fixed/min number | EV3: End max_number | EW3: End var_fin
A4: =DaB!A4 -> #REF! | B4: . | C4: =$B$1 -> 45474 | D4: =IFERROR(MIN(DaB!F4:K4)-C4,0) -> 0 | E4: =IFERROR(IF(F4=0,0,IF(DaB!F4>0,DaB!G4-DaB!F4,0)),0) -> 0 | F4: =IFERROR(IF(DaB!G4>0,DaB!H4-DaB!G4+1,0),0) -> 0 | G4: =IFERROR(IF(F4=0,0,IF(DaB!J4>0,DaB!J4-DaB!I4+1,0)),0) -> 0 | H4: =IFERROR(IF(F4=0,0,IF(DaB!K4>0,DaB!K4-MAX(DaB!H4:J4),0)),0) -> 0 | I4: =IFERROR(IF(K4=0,0,MIN(DaB!$M4:$N4)-SUM($C4:H4)),0) -> 0 | J4: =IFERROR(IF(K4=0,0,IF(DaB!M4>0,DaB!N4-DaB!M4,0)),0) -> 0 | K4: =IFERROR(IF(DaB!O4>0,DaB!O4-DaB!N4+1,0),0) -> 0 | L4: =IFERROR(IF(K4=0,0,IF(DaB!Q4>0,DaB!Q4-DaB!P4+1,0)),0) -> 0 | M4: =IFERROR(IF(K4=0,0,IF(DaB!R4>0,DaB!R4-MAX(DaB!O4:Q4),0)),0) -> 0 | N4: =IFERROR(IF(P4=0,0,MIN(DaB!$T4:$U4)-SUM($C4:M4)),0) -> 0 | O4: =IFERROR(IF(P4=0,0,IF(DaB!T4>0,DaB!U4-DaB!T4,0)),0) -> 0 | P4: =IFERROR(IF(DaB!V4>0,DaB!V4-DaB!U4+1,0),0) -> 0 | Q4: =IFERROR(IF(P4=0,0,IF(DaB!X4>0,DaB!X4-DaB!W4+1,0)),0) -> 0 | R4: =IFERROR(IF(P4=0,0,IF(DaB!Y4>0,DaB!Y4-MAX(DaB!V4:X4),0)),0) -> 0 | S4: =IFERROR(IF(U4=0,0,MIN(DaB!$AA4:$AB4)-SUM($C4:R4)),0) -> 0 | T4: =IFERROR(IF(U4=0,0,IF(DaB!AA4>0,DaB!AB4-DaB!AA4,0)),0) -> 0 | U4: =IFERROR(IF(DaB!AC4>0,DaB!AC4-DaB!AB4+1,0),0) -> 0 | V4: =IFERROR(IF(U4=0,0,IF(DaB!AE4>0,DaB!AE4-DaB!AD4+1,0)),0) -> 0 | W4: =IFERROR(IF(U4=0,0,IF(DaB!AF4>0,DaB!AF4-MAX(DaB!AC4:AE4),0)),0) -> 0 | X4: =IFERROR(IF(Z4=0,0,MIN(DaB!$AH4:$AI4)-SUM($C4:W4)),0) -> 0 | Y4: =IFERROR(IF(Z4=0,0,IF(DaB!AH4>0,DaB!AI4-DaB!AH4,0)),0) -> 0 | Z4: =IFERROR(IF(DaB!AJ4>0,DaB!AJ4-DaB!AI4+1,0),0) -> 0 | AA4: =IFERROR(IF(Z4=0,0,IF(DaB!AL4>0,DaB!AL4-DaB!AK4+1,0)),0) -> 0 | AB4: =IFERROR(IF(Z4=0,0,IF(DaB!AM4>0,DaB!AM4-MAX(DaB!AJ4:AL4),0)),0) -> 0 | AC4: =IFERROR(IF(AE4=0,0,MIN(DaB!$AO4:$AP4)-SUM($C4:AB4)),0) -> 0 | AD4: =IFERROR(IF(AE4=0,0,IF(DaB!AO4>0,DaB!AP4-DaB!AO4,0)),0) -> 0 | AE4: =IFERROR(IF(DaB!AQ4>0,DaB!AQ4-DaB!AP4+1,0),0) -> 0 | AF4: =IFERROR(IF(AE4=0,0,IF(DaB!AS4>0,DaB!AS4-DaB!AR4+1,0)),0) -> 0 | AG4: =IFERROR(IF(AE4=0,0,IF(DaB!AT4>0,DaB!AT4-MAX(DaB!AQ4:AS4),0)),0) -> 0 | AH4: =IFERROR(IF(AJ4=0,0,MIN(DaB!$AV4:$AW4)-SUM($C4:AG4)),0) -> 0 | AI4: =IFERROR(IF(AJ4=0,0,IF(DaB!AV4>0,DaB!AW4-DaB!AV4,0)),0) -> 0 | AJ4: =IFERROR(IF(DaB!AX4>0,DaB!AX4-DaB!AW4+1,0),0) -> 0 | AK4: =IFERROR(IF(AJ4=0,0,IF(DaB!AZ4>0,DaB!AZ4-DaB!AY4+1,0)),0) -> 0 | AL4: =IFERROR(IF(AJ4=0,0,IF(DaB!BA4>0,DaB!BA4-MAX(DaB!AX4:AZ4),0)),0) -> 0 | AM4: =IFERROR(IF(AO4=0,0,MIN(DaB!$BC4:$BD4)-SUM($C4:AL4)),0) -> 0 | AN4: =IFERROR(IF(AO4=0,0,IF(DaB!BC4>0,DaB!BD4-DaB!BC4,0)),0) -> 0 | AO4: =IFERROR(IF(DaB!BE4>0,DaB!BE4-DaB!BD4+1,0),0) -> 0 | AP4: =IFERROR(IF(AO4=0,0,IF(DaB!BG4>0,DaB!BG4-DaB!BF4+1,0)),0) -> 0 | AQ4: =IFERROR(IF(AO4=0,0,IF(DaB!BH4>0,DaB!BH4-MAX(DaB!BE4:BG4),0)),0) -> 0 | AR4: =IFERROR(IF(AT4=0,0,MIN(DaB!$BJ4:$BK4)-SUM($C4:AQ4)),0) -> 0 | AS4: =IFERROR(IF(AT4=0,0,IF(DaB!BJ4>0,DaB!BK4-DaB!BJ4,0)),0) -> 0 | AT4: =IFERROR(IF(DaB!BL4>0,DaB!BL4-DaB!BK4+1,0),0) -> 0 | AU4: =IFERROR(IF(AT4=0,0,IF(DaB!BN4>0,DaB!BN4-DaB!BM4+1,0)),0) -> 0 | AV4: =IFERROR(IF(AT4=0,0,IF(DaB!BO4>0,DaB!BO4-MAX(DaB!BL4:BN4),0)),0) -> 0 | AW4: =IFERROR(IF(AY4=0,0,MIN(DaB!$BQ4:$BR4)-SUM($C4:AV4)),0) -> 0 | AX4: =IFERROR(IF(AY4=0,0,IF(DaB!BQ4>0,DaB!BR4-DaB!BQ4,0)),0) -> 0 | AY4: =IFERROR(IF(DaB!BS4>0,DaB!BS4-DaB!BR4+1,0),0) -> 0 | AZ4: =IFERROR(IF(AY4=0,0,IF(DaB!BU4>0,DaB!BU4-DaB!BT4+1,0)),0) -> 0 | BA4: =IFERROR(IF(AY4=0,0,IF(DaB!BV4>0,DaB!BV4-MAX(DaB!BS4:BU4),0)),0) -> 0 | BB4: =IFERROR(IF(BD4=0,0,MIN(DaB!$BX4:$BY4)-SUM($C4:BA4)),0) -> 0 | BC4: =IFERROR(IF(BD4=0,0,IF(DaB!BX4>0,DaB!BY4-DaB!BX4,0)),0) -> 0 | BD4: =IFERROR(IF(DaB!BZ4>0,DaB!BZ4-DaB!BY4+1,0),0) -> 0 | BE4: =IFERROR(IF(BD4=0,0,IF(DaB!CB4>0,DaB!CB4-DaB!CA4+1,0)),0) -> 0 | BF4: =IFERROR(IF(BD4=0,0,IF(DaB!CC4>0,DaB!CC4-MAX(DaB!BZ4:CB4),0)),0) -> 0 | BG4: =IFERROR(IF(BI4=0,0,MIN(DaB!$CE4:$CF4)-SUM($C4:BF4)),0) -> 0 | BH4: =IFERROR(IF(BI4=0,0,IF(DaB!CE4>0,DaB!CF4-DaB!CE4,0)),0) -> 0 | BI4: =IFERROR(IF(DaB!CG4>0,DaB!CG4-DaB!CF4+1,0),0) -> 0 | BJ4: =IFERROR(IF(BI4=0,0,IF(DaB!CI4>0,DaB!CI4-DaB!CH4+1,0)),0) -> 0 | BK4: =IFERROR(IF(BI4=0,0,IF(DaB!CJ4>0,DaB!CJ4-MAX(DaB!CG4:CI4),0)),0) -> 0 | BL4: =IFERROR(IF(BN4=0,0,MIN(DaB!$CL4:$CM4)-SUM($C4:BK4)),0) -> 0 | BM4: =IFERROR(IF(BN4=0,0,IF(DaB!CL4>0,DaB!CM4-DaB!CL4,0)),0) -> 0 | BN4: =IFERROR(IF(DaB!CN4>0,DaB!CN4-DaB!CM4+1,0),0) -> 0 | BO4: =IFERROR(IF(BN4=0,0,IF(DaB!CP4>0,DaB!CP4-DaB!CO4+1,0)),0) -> 0 | BP4: =IFERROR(IF(BN4=0,0,IF(DaB!CQ4>0,DaB!CQ4-MAX(DaB!CN4:CP4),0)),0) -> 0 | BQ4: =IFERROR(IF(BS4=0,0,MIN(DaB!$CS4:$CT4)-SUM($C4:BP4)),0) -> 0 | BR4: =IFERROR(IF(BS4=0,0,IF(DaB!CS4>0,DaB!CT4-DaB!CS4,0)),0) -> 0 | BS4: =IFERROR(IF(DaB!CU4>0,DaB!CU4-DaB!CT4+1,0),0) -> 0 | BT4: =IFERROR(IF(BS4=0,0,IF(DaB!CW4>0,DaB!CW4-DaB!CV4+1,0)),0) -> 0 | BU4: =IFERROR(IF(BS4=0,0,IF(DaB!CX4>0,DaB!CX4-MAX(DaB!CU4:CW4),0)),0) -> 0 | BV4: =IFERROR(IF(BX4=0,0,MIN(DaB!$CZ4:$DA4)-SUM($C4:BU4)),0) -> 0 | BW4: =IFERROR(IF(BX4=0,0,IF(DaB!CZ4>0,DaB!DA4-DaB!CZ4,0)),0) -> 0 | BX4: =IFERROR(IF(DaB!DB4>0,DaB!DB4-DaB!DA4+1,0),0) -> 0 | BY4: =IFERROR(IF(BX4=0,0,IF(DaB!DD4>0,DaB!DD4-DaB!DC4+1,0)),0) -> 0 | BZ4: =IFERROR(IF(BX4=0,0,IF(DaB!DE4>0,DaB!DE4-MAX(DaB!DB4:DD4),0)),0) -> 0 | CA4: =IFERROR(IF(CC4=0,0,MIN(DaB!$DG4:$DH4)-SUM($C4:BZ4)),0) -> 0 | CB4: =IFERROR(IF(CC4=0,0,IF(DaB!DG4>0,DaB!DH4-DaB!DG4,0)),0) -> 0 | CC4: =IFERROR(IF(DaB!DI4>0,DaB!DI4-DaB!DH4+1,0),0) -> 0 | CD4: =IFERROR(IF(CC4=0,0,IF(DaB!DK4>0,DaB!DK4-DaB!DJ4+1,0)),0) -> 0 | CE4: =IFERROR(IF(CC4=0,0,IF(DaB!DL4>0,DaB!DL4-MAX(DaB!DI4:DK4),0)),0) -> 0 | CF4: =IFERROR(IF(CH4=0,0,MIN(DaB!$DN4:$DO4)-SUM($C4:CE4)),0) -> 0 | CG4: =IFERROR(IF(CH4=0,0,IF(DaB!DN4>0,DaB!DO4-DaB!DN4,0)),0) -> 0 | CH4: =IFERROR(IF(DaB!DP4>0,DaB!DP4-DaB!DO4+1,0),0) -> 0 | CI4: =IFERROR(IF(CH4=0,0,IF(DaB!DR4>0,DaB!DR4-DaB!DQ4+1,0)),0) -> 0 | CJ4: =IFERROR(IF(CH4=0,0,IF(DaB!DS4>0,DaB!DS4-MAX(DaB!DP4:DR4),0)),0) -> 0 | CK4: =IFERROR(IF(CM4=0,0,MIN(DaB!$DU4:$DV4)-SUM($C4:CJ4)),0) -> 0 | CL4: =IFERROR(IF(CM4=0,0,IF(DaB!DU4>0,DaB!DV4-DaB!DU4,0)),0) -> 0 | CM4: =IFERROR(IF(DaB!DW4>0,DaB!DW4-DaB!DV4+1,0),0) -> 0 | CN4: =IFERROR(IF(CM4=0,0,IF(DaB!DY4>0,DaB!DY4-DaB!DX4+1,0)),0) -> 0 | CO4: =IFERROR(IF(CM4=0,0,IF(DaB!DZ4>0,DaB!DZ4-MAX(DaB!DW4:DY4),0)),0) -> 0 | CP4: =IFERROR(IF(CR4=0,0,MIN(DaB!$EB4:$EC4)-SUM($C4:CO4)),0) -> 0 | CQ4: =IFERROR(IF(CR4=0,0,IF(DaB!EB4>0,DaB!EC4-DaB!EB4,0)),0) -> 0 | CR4: =IFERROR(IF(DaB!ED4>0,DaB!ED4-DaB!EC4+1,0),0) -> 0 | CS4: =IFERROR(IF(CR4=0,0,IF(DaB!EF4>0,DaB!EF4-DaB!EE4+1,0)),0) -> 0 | CT4: =IFERROR(IF(CR4=0,0,IF(DaB!EG4>0,DaB!EG4-MAX(DaB!ED4:EF4),0)),0) -> 0 | CU4: =IFERROR(IF(CW4=0,0,MIN(DaB!$EI4:$EJ4)-SUM($C4:CT4)),0) -> 0 | CV4: =IFERROR(IF(CW4=0,0,IF(DaB!EI4>0,DaB!EJ4-DaB!EI4,0)),0) -> 0 | CW4: =IFERROR(IF(DaB!EK4>0,DaB!EK4-DaB!EJ4+1,0),0) -> 0 | CX4: =IFERROR(IF(CW4=0,0,IF(DaB!EM4>0,DaB!EM4-DaB!EL4+1,0)),0) -> 0 | CY4: =IFERROR(IF(CW4=0,0,IF(DaB!EN4>0,DaB!EN4-MAX(DaB!EK4:EM4),0)),0) -> 0 | DA4: =EK4 -> 0 | DF4: =C4 -> 45474 | DG4: =IF(MIN(DaB!EU4:EV4)=DF4,0, IF(MIN(DaB!EU4:EV4)>DF4,MIN(DaB!EU4:EV4)-DF4,0)) -> #REF! | DH4: =IF(ISNUMBER(DaB!EV4),DaB!EV4-SUM(DF4:DG4),"") | DI4: =IF(OR(DaB!EV4=0,DaB!EV4=""),"",$DF$1) -> #REF! | DK4: 0 | DL4: 0 | DM4: =IF(OR(DaB!EZ4=0,DaB!EZ4=""),"",IFERROR(DaB!EZ4-DaB!EV4,0)) -> #REF! | DN4: =(DaB!FC4)-(MAX(DaB!EU4:EW4)) -> #REF! | DO4: =IF(OR(DaB!FB4=0,DaB!FB4=""),"",DaB!FC4-SUM(DF4:DN4)) -> #REF! | DP4: =IF(OR(DaB!FC4=0,DaB!FC4=""),"",$DF$1) -> #REF! | DQ4: 0 | DR4: 0 | DS4: 0 | DT4: =IFERROR(DaB!FG4-SUM(DF4:DS4),0) -> 0
A5: =DaB!A5 -> #REF! | B5: =B4 -> . | C5: =$B$1 -> 45474 | D5: =IFERROR(MIN(DaB!F5:K5)-C5,0) -> 0 | E5: =IFERROR(IF(F5=0,0,IF(DaB!F5>0,DaB!G5-DaB!F5,0)),0) -> 0 | F5: =IFERROR(IF(DaB!G5>0,DaB!H5-DaB!G5+1,0),0) -> 0 | G5: =IFERROR(IF(F5=0,0,IF(DaB!J5>0,DaB!J5-DaB!I5+1,0)),0) -> 0 | H5: =IFERROR(IF(F5=0,0,IF(DaB!K5>0,DaB!K5-MAX(DaB!H5:J5),0)),0) -> 0 | I5: =IFERROR(IF(K5=0,0,MIN(DaB!$M5:$N5)-SUM($C5:H5)),0) -> 0 | J5: =IFERROR(IF(K5=0,0,IF(DaB!M5>0,DaB!N5-DaB!M5,0)),0) -> 0 | K5: =IFERROR(IF(DaB!O5>0,DaB!O5-DaB!N5+1,0),0) -> 0 | L5: =IFERROR(IF(K5=0,0,IF(DaB!Q5>0,DaB!Q5-DaB!P5+1,0)),0) -> 0 | M5: =IFERROR(IF(K5=0,0,IF(DaB!R5>0,DaB!R5-MAX(DaB!O5:Q5),0)),0) -> 0 | N5: =IFERROR(IF(P5=0,0,MIN(DaB!$T5:$U5)-SUM($C5:M5)),0) -> 0 | O5: =IFERROR(IF(P5=0,0,IF(DaB!T5>0,DaB!U5-DaB!T5,0)),0) -> 0 | P5: =IFERROR(IF(DaB!V5>0,DaB!V5-DaB!U5+1,0),0) -> 0 | Q5: =IFERROR(IF(P5=0,0,IF(DaB!X5>0,DaB!X5-DaB!W5+1,0)),0) -> 0 | R5: =IFERROR(IF(P5=0,0,IF(DaB!Y5>0,DaB!Y5-MAX(DaB!V5:X5),0)),0) -> 0 | S5: =IFERROR(IF(U5=0,0,MIN(DaB!$AA5:$AB5)-SUM($C5:R5)),0) -> 0 | T5: =IFERROR(IF(U5=0,0,IF(DaB!AA5>0,DaB!AB5-DaB!AA5,0)),0) -> 0 | U5: =IFERROR(IF(DaB!AC5>0,DaB!AC5-DaB!AB5+1,0),0) -> 0 | V5: =IFERROR(IF(U5=0,0,IF(DaB!AE5>0,DaB!AE5-DaB!AD5+1,0)),0) -> 0 | W5: =IFERROR(IF(U5=0,0,IF(DaB!AF5>0,DaB!AF5-MAX(DaB!AC5:AE5),0)),0) -> 0 | X5: =IFERROR(IF(Z5=0,0,MIN(DaB!$AH5:$AI5)-SUM($C5:W5)),0) -> 0 | Y5: =IFERROR(IF(Z5=0,0,IF(DaB!AH5>0,DaB!AI5-DaB!AH5,0)),0) -> 0 | Z5: =IFERROR(IF(DaB!AJ5>0,DaB!AJ5-DaB!AI5+1,0),0) -> 0 | AA5: =IFERROR(IF(Z5=0,0,IF(DaB!AL5>0,DaB!AL5-DaB!AK5+1,0)),0) -> 0 | AB5: =IFERROR(IF(Z5=0,0,IF(DaB!AM5>0,DaB!AM5-MAX(DaB!AJ5:AL5),0)),0) -> 0 | AC5: =IFERROR(IF(AE5=0,0,MIN(DaB!$AO5:$AP5)-SUM($C5:AB5)),0) -> 0 | AD5: =IFERROR(IF(AE5=0,0,IF(DaB!AO5>0,DaB!AP5-DaB!AO5,0)),0) -> 0 | AE5: =IFERROR(IF(DaB!AQ5>0,DaB!AQ5-DaB!AP5+1,0),0) -> 0 | AF5: =IFERROR(IF(AE5=0,0,IF(DaB!AS5>0,DaB!AS5-DaB!AR5+1,0)),0) -> 0 | AG5: =IFERROR(IF(AE5=0,0,IF(DaB!AT5>0,DaB!AT5-MAX(DaB!AQ5:AS5),0)),0) -> 0 | AH5: =IFERROR(IF(AJ5=0,0,MIN(DaB!$AV5:$AW5)-SUM($C5:AG5)),0) -> 0 | AI5: =IFERROR(IF(AJ5=0,0,IF(DaB!AV5>0,DaB!AW5-DaB!AV5,0)),0) -> 0 | AJ5: =IFERROR(IF(DaB!AX5>0,DaB!AX5-DaB!AW5+1,0),0) -> 0 | AK5: =IFERROR(IF(AJ5=0,0,IF(DaB!AZ5>0,DaB!AZ5-DaB!AY5+1,0)),0) -> 0 | AL5: =IFERROR(IF(AJ5=0,0,IF(DaB!BA5>0,DaB!BA5-MAX(DaB!AX5:AZ5),0)),0) -> 0 | AM5: =IFERROR(IF(AO5=0,0,MIN(DaB!$BC5:$BD5)-SUM($C5:AL5)),0) -> 0 | AN5: =IFERROR(IF(AO5=0,0,IF(DaB!BC5>0,DaB!BD5-DaB!BC5,0)),0) -> 0 | AO5: =IFERROR(IF(DaB!BE5>0,DaB!BE5-DaB!BD5+1,0),0) -> 0 | AP5: =IFERROR(IF(AO5=0,0,IF(DaB!BG5>0,DaB!BG5-DaB!BF5+1,0)),0) -> 0 | AQ5: =IFERROR(IF(AO5=0,0,IF(DaB!BH5>0,DaB!BH5-MAX(DaB!BE5:BG5),0)),0) -> 0 | AR5: =IFERROR(IF(AT5=0,0,MIN(DaB!$BJ5:$BK5)-SUM($C5:AQ5)),0) -> 0 | AS5: =IFERROR(IF(AT5=0,0,IF(DaB!BJ5>0,DaB!BK5-DaB!BJ5,0)),0) -> 0 | AT5: =IFERROR(IF(DaB!BL5>0,DaB!BL5-DaB!BK5+1,0),0) -> 0 | AU5: =IFERROR(IF(AT5=0,0,IF(DaB!BN5>0,DaB!BN5-DaB!BM5+1,0)),0) -> 0 | AV5: =IFERROR(IF(AT5=0,0,IF(DaB!BO5>0,DaB!BO5-MAX(DaB!BL5:BN5),0)),0) -> 0 | AW5: =IFERROR(IF(AY5=0,0,MIN(DaB!$BQ5:$BR5)-SUM($C5:AV5)),0) -> 0 | AX5: =IFERROR(IF(AY5=0,0,IF(DaB!BQ5>0,DaB!BR5-DaB!BQ5,0)),0) -> 0 | AY5: =IFERROR(IF(DaB!BS5>0,DaB!BS5-DaB!BR5+1,0),0) -> 0 | AZ5: =IFERROR(IF(AY5=0,0,IF(DaB!BU5>0,DaB!BU5-DaB!BT5+1,0)),0) -> 0 | BA5: =IFERROR(IF(AY5=0,0,IF(DaB!BV5>0,DaB!BV5-MAX(DaB!BS5:BU5),0)),0) -> 0 | BB5: =IFERROR(IF(BD5=0,0,MIN(DaB!$BX5:$BY5)-SUM($C5:BA5)),0) -> 0 | BC5: =IFERROR(IF(BD5=0,0,IF(DaB!BX5>0,DaB!BY5-DaB!BX5,0)),0) -> 0 | BD5: =IFERROR(IF(DaB!BZ5>0,DaB!BZ5-DaB!BY5+1,0),0) -> 0 | BE5: =IFERROR(IF(BD5=0,0,IF(DaB!CB5>0,DaB!CB5-DaB!CA5+1,0)),0) -> 0 | BF5: =IFERROR(IF(BD5=0,0,IF(DaB!CC5>0,DaB!CC5-MAX(DaB!BZ5:CB5),0)),0) -> 0 | BG5: =IFERROR(IF(BI5=0,0,MIN(DaB!$CE5:$CF5)-SUM($C5:BF5)),0) -> 0 | BH5: =IFERROR(IF(BI5=0,0,IF(DaB!CE5>0,DaB!CF5-DaB!CE5,0)),0) -> 0 | BI5: =IFERROR(IF(DaB!CG5>0,DaB!CG5-DaB!CF5+1,0),0) -> 0 | BJ5: =IFERROR(IF(BI5=0,0,IF(DaB!CI5>0,DaB!CI5-DaB!CH5+1,0)),0) -> 0 | BK5: =IFERROR(IF(BI5=0,0,IF(DaB!CJ5>0,DaB!CJ5-MAX(DaB!CG5:CI5),0)),0) -> 0 | BL5: =IFERROR(IF(BN5=0,0,MIN(DaB!$CL5:$CM5)-SUM($C5:BK5)),0) -> 0 | BM5: =IFERROR(IF(BN5=0,0,IF(DaB!CL5>0,DaB!CM5-DaB!CL5,0)),0) -> 0 | BN5: =IFERROR(IF(DaB!CN5>0,DaB!CN5-DaB!CM5+1,0),0) -> 0 | BO5: =IFERROR(IF(BN5=0,0,IF(DaB!CP5>0,DaB!CP5-DaB!CO5+1,0)),0) -> 0 | BP5: =IFERROR(IF(BN5=0,0,IF(DaB!CQ5>0,DaB!CQ5-MAX(DaB!CN5:CP5),0)),0) -> 0 | BQ5: =IFERROR(IF(BS5=0,0,MIN(DaB!$CS5:$CT5)-SUM($C5:BP5)),0) -> 0 | BR5: =IFERROR(IF(BS5=0,0,IF(DaB!CS5>0,DaB!CT5-DaB!CS5,0)),0) -> 0 | BS5: =IFERROR(IF(DaB!CU5>0,DaB!CU5-DaB!CT5+1,0),0) -> 0 | BT5: =IFERROR(IF(BS5=0,0,IF(DaB!CW5>0,DaB!CW5-DaB!CV5+1,0)),0) -> 0 | BU5: =IFERROR(IF(BS5=0,0,IF(DaB!CX5>0,DaB!CX5-MAX(DaB!CU5:CW5),0)),0) -> 0 | BV5: =IFERROR(IF(BX5=0,0,MIN(DaB!$CZ5:$DA5)-SUM($C5:BU5)),0) -> 0 | BW5: =IFERROR(IF(BX5=0,0,IF(DaB!CZ5>0,DaB!DA5-DaB!CZ5,0)),0) -> 0 | BX5: =IFERROR(IF(DaB!DB5>0,DaB!DB5-DaB!DA5+1,0),0) -> 0 | BY5: =IFERROR(IF(BX5=0,0,IF(DaB!DD5>0,DaB!DD5-DaB!DC5+1,0)),0) -> 0 | BZ5: =IFERROR(IF(BX5=0,0,IF(DaB!DE5>0,DaB!DE5-MAX(DaB!DB5:DD5),0)),0) -> 0 | CA5: =IFERROR(IF(CC5=0,0,MIN(DaB!$DG5:$DH5)-SUM($C5:BZ5)),0) -> 0 | CB5: =IFERROR(IF(CC5=0,0,IF(DaB!DG5>0,DaB!DH5-DaB!DG5,0)),0) -> 0 | CC5: =IFERROR(IF(DaB!DI5>0,DaB!DI5-DaB!DH5+1,0),0) -> 0 | CD5: =IFERROR(IF(CC5=0,0,IF(DaB!DK5>0,DaB!DK5-DaB!DJ5+1,0)),0) -> 0 | CE5: =IFERROR(IF(CC5=0,0,IF(DaB!DL5>0,DaB!DL5-MAX(DaB!DI5:DK5),0)),0) -> 0 | CF5: =IFERROR(IF(CH5=0,0,MIN(DaB!$DN5:$DO5)-SUM($C5:CE5)),0) -> 0 | CG5: =IFERROR(IF(CH5=0,0,IF(DaB!DN5>0,DaB!DO5-DaB!DN5,0)),0) -> 0 | CH5: =IFERROR(IF(DaB!DP5>0,DaB!DP5-DaB!DO5+1,0),0) -> 0 | CI5: =IFERROR(IF(CH5=0,0,IF(DaB!DR5>0,DaB!DR5-DaB!DQ5+1,0)),0) -> 0 | CJ5: =IFERROR(IF(CH5=0,0,IF(DaB!DS5>0,DaB!DS5-MAX(DaB!DP5:DR5),0)),0) -> 0 | CK5: =IFERROR(IF(CM5=0,0,MIN(DaB!$DU5:$DV5)-SUM($C5:CJ5)),0) -> 0 | CL5: =IFERROR(IF(CM5=0,0,IF(DaB!DU5>0,DaB!DV5-DaB!DU5,0)),0) -> 0 | CM5: =IFERROR(IF(DaB!DW5>0,DaB!DW5-DaB!DV5+1,0),0) -> 0 | CN5: =IFERROR(IF(CM5=0,0,IF(DaB!DY5>0,DaB!DY5-DaB!DX5+1,0)),0) -> 0 | CO5: =IFERROR(IF(CM5=0,0,IF(DaB!DZ5>0,DaB!DZ5-MAX(DaB!DW5:DY5),0)),0) -> 0 | CP5: =IFERROR(IF(CR5=0,0,MIN(DaB!$EB5:$EC5)-SUM($C5:CO5)),0) -> 0 | CQ5: =IFERROR(IF(CR5=0,0,IF(DaB!EB5>0,DaB!EC5-DaB!EB5,0)),0) -> 0 | CR5: =IFERROR(IF(DaB!ED5>0,DaB!ED5-DaB!EC5+1,0),0) -> 0 | CS5: =IFERROR(IF(CR5=0,0,IF(DaB!EF5>0,DaB!EF5-DaB!EE5+1,0)),0) -> 0 | CT5: =IFERROR(IF(CR5=0,0,IF(DaB!EG5>0,DaB!EG5-MAX(DaB!ED5:EF5),0)),0) -> 0 | CU5: =IFERROR(IF(CW5=0,0,MIN(DaB!$EI5:$EJ5)-SUM($C5:CT5)),0) -> 0 | CV5: =IFERROR(IF(CW5=0,0,IF(DaB!EI5>0,DaB!EJ5-DaB!EI5,0)),0) -> 0 | CW5: =IFERROR(IF(DaB!EK5>0,DaB!EK5-DaB!EJ5+1,0),0) -> 0 | CX5: =IFERROR(IF(CW5=0,0,IF(DaB!EM5>0,DaB!EM5-DaB!EL5+1,0)),0) -> 0 | CY5: =IFERROR(IF(CW5=0,0,IF(DaB!EN5>0,DaB!EN5-MAX(DaB!EK5:EM5),0)),0) -> 0 | DF5: =C5 -> 45474 | DG5: =IF(MIN(DaB!EU5:EV5)=DF5,0, IF(MIN(DaB!EU5:EV5)>DF5,MIN(DaB!EU5:EV5)-DF5,0)) -> #REF! | DH5: =IF(ISNUMBER(DaB!EV5),DaB!EV5-SUM(DF5:DG5),"") | DI5: =IF(OR(DaB!EV5=0,DaB!EV5=""),"",$DF$1) -> #REF! | DK5: 0 | DL5: 0 | DM5: =IF(OR(DaB!EZ5=0,DaB!EZ5=""),"",IFERROR(DaB!EZ5-DaB!EV5,0)) -> #REF! | DN5: =(DaB!FC5)-(MAX(DaB!EU5:EW5)) -> #REF! | DO5: =IF(OR(DaB!FB5=0,DaB!FB5=""),"",DaB!FC5-SUM(DF5:DN5)) -> #REF! | DP5: =IF(OR(DaB!FC5=0,DaB!FC5=""),"",$DF$1) -> #REF! | DQ5: 0 | DR5: 0 | DS5: 0 | DT5: =IFERROR(DaB!FG5-SUM(DF5:DS5),0) -> 0
A6: =DaB!A6 -> #REF! | B6: . | C6: =$B$1 -> 45474 | D6: =IFERROR(MIN(DaB!F6:K6)-C6,0) -> 0 | E6: =IFERROR(IF(F6=0,0,IF(DaB!F6>0,DaB!G6-DaB!F6,0)),0) -> 0 | F6: =IFERROR(IF(DaB!G6>0,DaB!H6-DaB!G6+1,0),0) -> 0 | G6: =IFERROR(IF(F6=0,0,IF(DaB!J6>0,DaB!J6-DaB!I6+1,0)),0) -> 0 | H6: =IFERROR(IF(F6=0,0,IF(DaB!K6>0,DaB!K6-MAX(DaB!H6:J6),0)),0) -> 0 | I6: =IFERROR(IF(K6=0,0,MIN(DaB!$M6:$N6)-SUM($C6:H6)),0) -> 0 | J6: =IFERROR(IF(K6=0,0,IF(DaB!M6>0,DaB!N6-DaB!M6,0)),0) -> 0 | K6: =IFERROR(IF(DaB!O6>0,DaB!O6-DaB!N6+1,0),0) -> 0 | L6: =IFERROR(IF(K6=0,0,IF(DaB!Q6>0,DaB!Q6-DaB!P6+1,0)),0) -> 0 | M6: =IFERROR(IF(K6=0,0,IF(DaB!R6>0,DaB!R6-MAX(DaB!O6:Q6),0)),0) -> 0 | N6: =IFERROR(IF(P6=0,0,MIN(DaB!$T6:$U6)-SUM($C6:M6)),0) -> 0 | O6: =IFERROR(IF(P6=0,0,IF(DaB!T6>0,DaB!U6-DaB!T6,0)),0) -> 0 | P6: =IFERROR(IF(DaB!V6>0,DaB!V6-DaB!U6+1,0),0) -> 0 | Q6: =IFERROR(IF(P6=0,0,IF(DaB!X6>0,DaB!X6-DaB!W6+1,0)),0) -> 0 | R6: =IFERROR(IF(P6=0,0,IF(DaB!Y6>0,DaB!Y6-MAX(DaB!V6:X6),0)),0) -> 0 | S6: =IFERROR(IF(U6=0,0,MIN(DaB!$AA6:$AB6)-SUM($C6:R6)),0) -> 0 | T6: =IFERROR(IF(U6=0,0,IF(DaB!AA6>0,DaB!AB6-DaB!AA6,0)),0) -> 0 | U6: =IFERROR(IF(DaB!AC6>0,DaB!AC6-DaB!AB6+1,0),0) -> 0 | V6: =IFERROR(IF(U6=0,0,IF(DaB!AE6>0,DaB!AE6-DaB!AD6+1,0)),0) -> 0 | W6: =IFERROR(IF(U6=0,0,IF(DaB!AF6>0,DaB!AF6-MAX(DaB!AC6:AE6),0)),0) -> 0 | X6: =IFERROR(IF(Z6=0,0,MIN(DaB!$AH6:$AI6)-SUM($C6:W6)),0) -> 0 | Y6: =IFERROR(IF(Z6=0,0,IF(DaB!AH6>0,DaB!AI6-DaB!AH6,0)),0) -> 0 | Z6: =IFERROR(IF(DaB!AJ6>0,DaB!AJ6-DaB!AI6+1,0),0) -> 0 | AA6: =IFERROR(IF(Z6=0,0,IF(DaB!AL6>0,DaB!AL6-DaB!AK6+1,0)),0) -> 0 | AB6: =IFERROR(IF(Z6=0,0,IF(DaB!AM6>0,DaB!AM6-MAX(DaB!AJ6:AL6),0)),0) -> 0 | AC6: =IFERROR(IF(AE6=0,0,MIN(DaB!$AO6:$AP6)-SUM($C6:AB6)),0) -> 0 | AD6: =IFERROR(IF(AE6=0,0,IF(DaB!AO6>0,DaB!AP6-DaB!AO6,0)),0) -> 0 | AE6: =IFERROR(IF(DaB!AQ6>0,DaB!AQ6-DaB!AP6+1,0),0) -> 0 | AF6: =IFERROR(IF(AE6=0,0,IF(DaB!AS6>0,DaB!AS6-DaB!AR6+1,0)),0) -> 0 | AG6: =IFERROR(IF(AE6=0,0,IF(DaB!AT6>0,DaB!AT6-MAX(DaB!AQ6:AS6),0)),0) -> 0 | AH6: =IFERROR(IF(AJ6=0,0,MIN(DaB!$AV6:$AW6)-SUM($C6:AG6)),0) -> 0 | AI6: =IFERROR(IF(AJ6=0,0,IF(DaB!AV6>0,DaB!AW6-DaB!AV6,0)),0) -> 0 | AJ6: =IFERROR(IF(DaB!AX6>0,DaB!AX6-DaB!AW6+1,0),0) -> 0 | AK6: =IFERROR(IF(AJ6=0,0,IF(DaB!AZ6>0,DaB!AZ6-DaB!AY6+1,0)),0) -> 0 | AL6: =IFERROR(IF(AJ6=0,0,IF(DaB!BA6>0,DaB!BA6-MAX(DaB!AX6:AZ6),0)),0) -> 0 | AM6: =IFERROR(IF(AO6=0,0,MIN(DaB!$BC6:$BD6)-SUM($C6:AL6)),0) -> 0 | AN6: =IFERROR(IF(AO6=0,0,IF(DaB!BC6>0,DaB!BD6-DaB!BC6,0)),0) -> 0 | AO6: =IFERROR(IF(DaB!BE6>0,DaB!BE6-DaB!BD6+1,0),0) -> 0 | AP6: =IFERROR(IF(AO6=0,0,IF(DaB!BG6>0,DaB!BG6-DaB!BF6+1,0)),0) -> 0 | AQ6: =IFERROR(IF(AO6=0,0,IF(DaB!BH6>0,DaB!BH6-MAX(DaB!BE6:BG6),0)),0) -> 0 | AR6: =IFERROR(IF(AT6=0,0,MIN(DaB!$BJ6:$BK6)-SUM($C6:AQ6)),0) -> 0 | AS6: =IFERROR(IF(AT6=0,0,IF(DaB!BJ6>0,DaB!BK6-DaB!BJ6,0)),0) -> 0 | AT6: =IFERROR(IF(DaB!BL6>0,DaB!BL6-DaB!BK6+1,0),0) -> 0 | AU6: =IFERROR(IF(AT6=0,0,IF(DaB!BN6>0,DaB!BN6-DaB!BM6+1,0)),0) -> 0 | AV6: =IFERROR(IF(AT6=0,0,IF(DaB!BO6>0,DaB!BO6-MAX(DaB!BL6:BN6),0)),0) -> 0 | AW6: =IFERROR(IF(AY6=0,0,MIN(DaB!$BQ6:$BR6)-SUM($C6:AV6)),0) -> 0 | AX6: =IFERROR(IF(AY6=0,0,IF(DaB!BQ6>0,DaB!BR6-DaB!BQ6,0)),0) -> 0 | AY6: =IFERROR(IF(DaB!BS6>0,DaB!BS6-DaB!BR6+1,0),0) -> 0 | AZ6: =IFERROR(IF(AY6=0,0,IF(DaB!BU6>0,DaB!BU6-DaB!BT6+1,0)),0) -> 0 | BA6: =IFERROR(IF(AY6=0,0,IF(DaB!BV6>0,DaB!BV6-MAX(DaB!BS6:BU6),0)),0) -> 0 | BB6: =IFERROR(IF(BD6=0,0,MIN(DaB!$BX6:$BY6)-SUM($C6:BA6)),0) -> 0 | BC6: =IFERROR(IF(BD6=0,0,IF(DaB!BX6>0,DaB!BY6-DaB!BX6,0)),0) -> 0 | BD6: =IFERROR(IF(DaB!BZ6>0,DaB!BZ6-DaB!BY6+1,0),0) -> 0 | BE6: =IFERROR(IF(BD6=0,0,IF(DaB!CB6>0,DaB!CB6-DaB!CA6+1,0)),0) -> 0 | BF6: =IFERROR(IF(BD6=0,0,IF(DaB!CC6>0,DaB!CC6-MAX(DaB!BZ6:CB6),0)),0) -> 0 | BG6: =IFERROR(IF(BI6=0,0,MIN(DaB!$CE6:$CF6)-SUM($C6:BF6)),0) -> 0 | BH6: =IFERROR(IF(BI6=0,0,IF(DaB!CE6>0,DaB!CF6-DaB!CE6,0)),0) -> 0 | BI6: =IFERROR(IF(DaB!CG6>0,DaB!CG6-DaB!CF6+1,0),0) -> 0 | BJ6: =IFERROR(IF(BI6=0,0,IF(DaB!CI6>0,DaB!CI6-DaB!CH6+1,0)),0) -> 0 | BK6: =IFERROR(IF(BI6=0,0,IF(DaB!CJ6>0,DaB!CJ6-MAX(DaB!CG6:CI6),0)),0) -> 0 | BL6: =IFERROR(IF(BN6=0,0,MIN(DaB!$CL6:$CM6)-SUM($C6:BK6)),0) -> 0 | BM6: =IFERROR(IF(BN6=0,0,IF(DaB!CL6>0,DaB!CM6-DaB!CL6,0)),0) -> 0 | BN6: =IFERROR(IF(DaB!CN6>0,DaB!CN6-DaB!CM6+1,0),0) -> 0 | BO6: =IFERROR(IF(BN6=0,0,IF(DaB!CP6>0,DaB!CP6-DaB!CO6+1,0)),0) -> 0 | BP6: =IFERROR(IF(BN6=0,0,IF(DaB!CQ6>0,DaB!CQ6-MAX(DaB!CN6:CP6),0)),0) -> 0 | BQ6: =IFERROR(IF(BS6=0,0,MIN(DaB!$CS6:$CT6)-SUM($C6:BP6)),0) -> 0 | BR6: =IFERROR(IF(BS6=0,0,IF(DaB!CS6>0,DaB!CT6-DaB!CS6,0)),0) -> 0 | BS6: =IFERROR(IF(DaB!CU6>0,DaB!CU6-DaB!CT6+1,0),0) -> 0 | BT6: =IFERROR(IF(BS6=0,0,IF(DaB!CW6>0,DaB!CW6-DaB!CV6+1,0)),0) -> 0 | BU6: =IFERROR(IF(BS6=0,0,IF(DaB!CX6>0,DaB!CX6-MAX(DaB!CU6:CW6),0)),0) -> 0 | BV6: =IFERROR(IF(BX6=0,0,MIN(DaB!$CZ6:$DA6)-SUM($C6:BU6)),0) -> 0 | BW6: =IFERROR(IF(BX6=0,0,IF(DaB!CZ6>0,DaB!DA6-DaB!CZ6,0)),0) -> 0 | BX6: =IFERROR(IF(DaB!DB6>0,DaB!DB6-DaB!DA6+1,0),0) -> 0 | BY6: =IFERROR(IF(BX6=0,0,IF(DaB!DD6>0,DaB!DD6-DaB!DC6+1,0)),0) -> 0 | BZ6: =IFERROR(IF(BX6=0,0,IF(DaB!DE6>0,DaB!DE6-MAX(DaB!DB6:DD6),0)),0) -> 0 | CA6: =IFERROR(IF(CC6=0,0,MIN(DaB!$DG6:$DH6)-SUM($C6:BZ6)),0) -> 0 | CB6: =IFERROR(IF(CC6=0,0,IF(DaB!DG6>0,DaB!DH6-DaB!DG6,0)),0) -> 0 | CC6: =IFERROR(IF(DaB!DI6>0,DaB!DI6-DaB!DH6+1,0),0) -> 0 | CD6: =IFERROR(IF(CC6=0,0,IF(DaB!DK6>0,DaB!DK6-DaB!DJ6+1,0)),0) -> 0 | CE6: =IFERROR(IF(CC6=0,0,IF(DaB!DL6>0,DaB!DL6-MAX(DaB!DI6:DK6),0)),0) -> 0 | CF6: =IFERROR(IF(CH6=0,0,MIN(DaB!$DN6:$DO6)-SUM($C6:CE6)),0) -> 0 | CG6: =IFERROR(IF(CH6=0,0,IF(DaB!DN6>0,DaB!DO6-DaB!DN6,0)),0) -> 0 | CH6: =IFERROR(IF(DaB!DP6>0,DaB!DP6-DaB!DO6+1,0),0) -> 0 | CI6: =IFERROR(IF(CH6=0,0,IF(DaB!DR6>0,DaB!DR6-DaB!DQ6+1,0)),0) -> 0 | CJ6: =IFERROR(IF(CH6=0,0,IF(DaB!DS6>0,DaB!DS6-MAX(DaB!DP6:DR6),0)),0) -> 0 | CK6: =IFERROR(IF(CM6=0,0,MIN(DaB!$DU6:$DV6)-SUM($C6:CJ6)),0) -> 0 | CL6: =IFERROR(IF(CM6=0,0,IF(DaB!DU6>0,DaB!DV6-DaB!DU6,0)),0) -> 0 | CM6: =IFERROR(IF(DaB!DW6>0,DaB!DW6-DaB!DV6+1,0),0) -> 0 | CN6: =IFERROR(IF(CM6=0,0,IF(DaB!DY6>0,DaB!DY6-DaB!DX6+1,0)),0) -> 0 | CO6: =IFERROR(IF(CM6=0,0,IF(DaB!DZ6>0,DaB!DZ6-MAX(DaB!DW6:DY6),0)),0) -> 0 | CP6: =IFERROR(IF(CR6=0,0,MIN(DaB!$EB6:$EC6)-SUM($C6:CO6)),0) -> 0 | CQ6: =IFERROR(IF(CR6=0,0,IF(DaB!EB6>0,DaB!EC6-DaB!EB6,0)),0) -> 0 | CR6: =IFERROR(IF(DaB!ED6>0,DaB!ED6-DaB!EC6+1,0),0) -> 0 | CS6: =IFERROR(IF(CR6=0,0,IF(DaB!EF6>0,DaB!EF6-DaB!EE6+1,0)),0) -> 0 | CT6: =IFERROR(IF(CR6=0,0,IF(DaB!EG6>0,DaB!EG6-MAX(DaB!ED6:EF6),0)),0) -> 0 | CU6: =IFERROR(IF(CW6=0,0,MIN(DaB!$EI6:$EJ6)-SUM($C6:CT6)),0) -> 0 | CV6: =IFERROR(IF(CW6=0,0,IF(DaB!EI6>0,DaB!EJ6-DaB!EI6,0)),0) -> 0 | CW6: =IFERROR(IF(DaB!EK6>0,DaB!EK6-DaB!EJ6+1,0),0) -> 0 | CX6: =IFERROR(IF(CW6=0,0,IF(DaB!EM6>0,DaB!EM6-DaB!EL6+1,0)),0) -> 0 | CY6: =IFERROR(IF(CW6=0,0,IF(DaB!EN6>0,DaB!EN6-MAX(DaB!EK6:EM6),0)),0) -> 0 | DA6: =EK6 -> 0 | DF6: =C6 -> 45474 | DG6: =IF(MIN(DaB!EU6:EV6)=DF6,0, IF(MIN(DaB!EU6:EV6)>DF6,MIN(DaB!EU6:EV6)-DF5,0)) -> #REF! | DH6: =IF(ISNUMBER(DaB!EV6),DaB!EV6-SUM(DF6:DG6),"") | DI6: =IF(OR(DaB!EV6=0,DaB!EV6=""),"",$DF$1) -> #REF! | DK6: 0 | DL6: 0 | DM6: =IF(OR(DaB!EZ6=0,DaB!EZ6=""),"",IFERROR(DaB!EZ6-DaB!EV6,0)) -> #REF! | DN6: =(DaB!FC6)-(MAX(DaB!EU6:EW6)) -> #REF! | DO6: =IF(OR(DaB!FB6=0,DaB!FB6=""),"",DaB!FC6-SUM(DF6:DN6)) -> #REF! | DP6: =IF(OR(DaB!FC6=0,DaB!FC6=""),"",$DF$1) -> #REF! | DQ6: 0 | DR6: 0 | DS6: 0 | DT6: =IFERROR(DaB!FG6-SUM(DF6:DS6),0) -> 0
A7: =DaB!A7 -> #REF! | B7: =B6 -> . | C7: =$B$1 -> 45474 | D7: =IFERROR(MIN(DaB!F7:K7)-C7,0) -> 0 | E7: =IFERROR(IF(F7=0,0,IF(DaB!F7>0,DaB!G7-DaB!F7,0)),0) -> 0 | F7: =IFERROR(IF(DaB!G7>0,DaB!H7-DaB!G7+1,0),0) -> 0 | G7: =IFERROR(IF(F7=0,0,IF(DaB!J7>0,DaB!J7-DaB!I7+1,0)),0) -> 0 | H7: =IFERROR(IF(F7=0,0,IF(DaB!K7>0,DaB!K7-MAX(DaB!H7:J7),0)),0) -> 0 | I7: =IFERROR(IF(K7=0,0,MIN(DaB!$M7:$N7)-SUM($C7:H7)),0) -> 0 | J7: =IFERROR(IF(K7=0,0,IF(DaB!M7>0,DaB!N7-DaB!M7,0)),0) -> 0 | K7: =IFERROR(IF(DaB!O7>0,DaB!O7-DaB!N7+1,0),0) -> 0 | L7: =IFERROR(IF(K7=0,0,IF(DaB!Q7>0,DaB!Q7-DaB!P7+1,0)),0) -> 0 | M7: =IFERROR(IF(K7=0,0,IF(DaB!R7>0,DaB!R7-MAX(DaB!O7:Q7),0)),0) -> 0 | N7: =IFERROR(IF(P7=0,0,MIN(DaB!$T7:$U7)-SUM($C7:M7)),0) -> 0 | O7: =IFERROR(IF(P7=0,0,IF(DaB!T7>0,DaB!U7-DaB!T7,0)),0) -> 0 | P7: =IFERROR(IF(DaB!V7>0,DaB!V7-DaB!U7+1,0),0) -> 0 | Q7: =IFERROR(IF(P7=0,0,IF(DaB!X7>0,DaB!X7-DaB!W7+1,0)),0) -> 0 | R7: =IFERROR(IF(P7=0,0,IF(DaB!Y7>0,DaB!Y7-MAX(DaB!V7:X7),0)),0) -> 0 | S7: =IFERROR(IF(U7=0,0,MIN(DaB!$AA7:$AB7)-SUM($C7:R7)),0) -> 0 | T7: =IFERROR(IF(U7=0,0,IF(DaB!AA7>0,DaB!AB7-DaB!AA7,0)),0) -> 0 | U7: =IFERROR(IF(DaB!AC7>0,DaB!AC7-DaB!AB7+1,0),0) -> 0 | V7: =IFERROR(IF(U7=0,0,IF(DaB!AE7>0,DaB!AE7-DaB!AD7+1,0)),0) -> 0 | W7: =IFERROR(IF(U7=0,0,IF(DaB!AF7>0,DaB!AF7-MAX(DaB!AC7:AE7),0)),0) -> 0 | X7: =IFERROR(IF(Z7=0,0,MIN(DaB!$AH7:$AI7)-SUM($C7:W7)),0) -> 0 | Y7: =IFERROR(IF(Z7=0,0,IF(DaB!AH7>0,DaB!AI7-DaB!AH7,0)),0) -> 0 | Z7: =IFERROR(IF(DaB!AJ7>0,DaB!AJ7-DaB!AI7+1,0),0) -> 0 | AA7: =IFERROR(IF(Z7=0,0,IF(DaB!AL7>0,DaB!AL7-DaB!AK7+1,0)),0) -> 0 | AB7: =IFERROR(IF(Z7=0,0,IF(DaB!AM7>0,DaB!AM7-MAX(DaB!AJ7:AL7),0)),0) -> 0 | AC7: =IFERROR(IF(AE7=0,0,MIN(DaB!$AO7:$AP7)-SUM($C7:AB7)),0) -> 0 | AD7: =IFERROR(IF(AE7=0,0,IF(DaB!AO7>0,DaB!AP7-DaB!AO7,0)),0) -> 0 | AE7: =IFERROR(IF(DaB!AQ7>0,DaB!AQ7-DaB!AP7+1,0),0) -> 0 | AF7: =IFERROR(IF(AE7=0,0,IF(DaB!AS7>0,DaB!AS7-DaB!AR7+1,0)),0) -> 0 | AG7: =IFERROR(IF(AE7=0,0,IF(DaB!AT7>0,DaB!AT7-MAX(DaB!AQ7:AS7),0)),0) -> 0 | AH7: =IFERROR(IF(AJ7=0,0,MIN(DaB!$AV7:$AW7)-SUM($C7:AG7)),0) -> 0 | AI7: =IFERROR(IF(AJ7=0,0,IF(DaB!AV7>0,DaB!AW7-DaB!AV7,0)),0) -> 0 | AJ7: =IFERROR(IF(DaB!AX7>0,DaB!AX7-DaB!AW7+1,0),0) -> 0 | AK7: =IFERROR(IF(AJ7=0,0,IF(DaB!AZ7>0,DaB!AZ7-DaB!AY7+1,0)),0) -> 0 | AL7: =IFERROR(IF(AJ7=0,0,IF(DaB!BA7>0,DaB!BA7-MAX(DaB!AX7:AZ7),0)),0) -> 0 | AM7: =IFERROR(IF(AO7=0,0,MIN(DaB!$BC7:$BD7)-SUM($C7:AL7)),0) -> 0 | AN7: =IFERROR(IF(AO7=0,0,IF(DaB!BC7>0,DaB!BD7-DaB!BC7,0)),0) -> 0 | AO7: =IFERROR(IF(DaB!BE7>0,DaB!BE7-DaB!BD7+1,0),0) -> 0 | AP7: =IFERROR(IF(AO7=0,0,IF(DaB!BG7>0,DaB!BG7-DaB!BF7+1,0)),0) -> 0 | AQ7: =IFERROR(IF(AO7=0,0,IF(DaB!BH7>0,DaB!BH7-MAX(DaB!BE7:BG7),0)),0) -> 0 | AR7: =IFERROR(IF(AT7=0,0,MIN(DaB!$BJ7:$BK7)-SUM($C7:AQ7)),0) -> 0 | AS7: =IFERROR(IF(AT7=0,0,IF(DaB!BJ7>0,DaB!BK7-DaB!BJ7,0)),0) -> 0 | AT7: =IFERROR(IF(DaB!BL7>0,DaB!BL7-DaB!BK7+1,0),0) -> 0 | AU7: =IFERROR(IF(AT7=0,0,IF(DaB!BN7>0,DaB!BN7-DaB!BM7+1,0)),0) -> 0 | AV7: =IFERROR(IF(AT7=0,0,IF(DaB!BO7>0,DaB!BO7-MAX(DaB!BL7:BN7),0)),0) -> 0 | AW7: =IFERROR(IF(AY7=0,0,MIN(DaB!$BQ7:$BR7)-SUM($C7:AV7)),0) -> 0 | AX7: =IFERROR(IF(AY7=0,0,IF(DaB!BQ7>0,DaB!BR7-DaB!BQ7,0)),0) -> 0 | AY7: =IFERROR(IF(DaB!BS7>0,DaB!BS7-DaB!BR7+1,0),0) -> 0 | AZ7: =IFERROR(IF(AY7=0,0,IF(DaB!BU7>0,DaB!BU7-DaB!BT7+1,0)),0) -> 0 | BA7: =IFERROR(IF(AY7=0,0,IF(DaB!BV7>0,DaB!BV7-MAX(DaB!BS7:BU7),0)),0) -> 0 | BB7: =IFERROR(IF(BD7=0,0,MIN(DaB!$BX7:$BY7)-SUM($C7:BA7)),0) -> 0 | BC7: =IFERROR(IF(BD7=0,0,IF(DaB!BX7>0,DaB!BY7-DaB!BX7,0)),0) -> 0 | BD7: =IFERROR(IF(DaB!BZ7>0,DaB!BZ7-DaB!BY7+1,0),0) -> 0 | BE7: =IFERROR(IF(BD7=0,0,IF(DaB!CB7>0,DaB!CB7-DaB!CA7+1,0)),0) -> 0 | BF7: =IFERROR(IF(BD7=0,0,IF(DaB!CC7>0,DaB!CC7-MAX(DaB!BZ7:CB7),0)),0) -> 0 | BG7: =IFERROR(IF(BI7=0,0,MIN(DaB!$CE7:$CF7)-SUM($C7:BF7)),0) -> 0 | BH7: =IFERROR(IF(BI7=0,0,IF(DaB!CE7>0,DaB!CF7-DaB!CE7,0)),0) -> 0 | BI7: =IFERROR(IF(DaB!CG7>0,DaB!CG7-DaB!CF7+1,0),0) -> 0 | BJ7: =IFERROR(IF(BI7=0,0,IF(DaB!CI7>0,DaB!CI7-DaB!CH7+1,0)),0) -> 0 | BK7: =IFERROR(IF(BI7=0,0,IF(DaB!CJ7>0,DaB!CJ7-MAX(DaB!CG7:CI7),0)),0) -> 0 | BL7: =IFERROR(IF(BN7=0,0,MIN(DaB!$CL7:$CM7)-SUM($C7:BK7)),0) -> 0 | BM7: =IFERROR(IF(BN7=0,0,IF(DaB!CL7>0,DaB!CM7-DaB!CL7,0)),0) -> 0 | BN7: =IFERROR(IF(DaB!CN7>0,DaB!CN7-DaB!CM7+1,0),0) -> 0 | BO7: =IFERROR(IF(BN7=0,0,IF(DaB!CP7>0,DaB!CP7-DaB!CO7+1,0)),0) -> 0 | BP7: =IFERROR(IF(BN7=0,0,IF(DaB!CQ7>0,DaB!CQ7-MAX(DaB!CN7:CP7),0)),0) -> 0 | BQ7: =IFERROR(IF(BS7=0,0,MIN(DaB!$CS7:$CT7)-SUM($C7:BP7)),0) -> 0 | BR7: =IFERROR(IF(BS7=0,0,IF(DaB!CS7>0,DaB!CT7-DaB!CS7,0)),0) -> 0 | BS7: =IFERROR(IF(DaB!CU7>0,DaB!CU7-DaB!CT7+1,0),0) -> 0 | BT7: =IFERROR(IF(BS7=0,0,IF(DaB!CW7>0,DaB!CW7-DaB!CV7+1,0)),0) -> 0 | BU7: =IFERROR(IF(BS7=0,0,IF(DaB!CX7>0,DaB!CX7-MAX(DaB!CU7:CW7),0)),0) -> 0 | BV7: =IFERROR(IF(BX7=0,0,MIN(DaB!$CZ7:$DA7)-SUM($C7:BU7)),0) -> 0 | BW7: =IFERROR(IF(BX7=0,0,IF(DaB!CZ7>0,DaB!DA7-DaB!CZ7,0)),0) -> 0 | BX7: =IFERROR(IF(DaB!DB7>0,DaB!DB7-DaB!DA7+1,0),0) -> 0 | BY7: =IFERROR(IF(BX7=0,0,IF(DaB!DD7>0,DaB!DD7-DaB!DC7+1,0)),0) -> 0 | BZ7: =IFERROR(IF(BX7=0,0,IF(DaB!DE7>0,DaB!DE7-MAX(DaB!DB7:DD7),0)),0) -> 0 | CA7: =IFERROR(IF(CC7=0,0,MIN(DaB!$DG7:$DH7)-SUM($C7:BZ7)),0) -> 0 | CB7: =IFERROR(IF(CC7=0,0,IF(DaB!DG7>0,DaB!DH7-DaB!DG7,0)),0) -> 0 | CC7: =IFERROR(IF(DaB!DI7>0,DaB!DI7-DaB!DH7+1,0),0) -> 0 | CD7: =IFERROR(IF(CC7=0,0,IF(DaB!DK7>0,DaB!DK7-DaB!DJ7+1,0)),0) -> 0 | CE7: =IFERROR(IF(CC7=0,0,IF(DaB!DL7>0,DaB!DL7-MAX(DaB!DI7:DK7),0)),0) -> 0 | CF7: =IFERROR(IF(CH7=0,0,MIN(DaB!$DN7:$DO7)-SUM($C7:CE7)),0) -> 0 | CG7: =IFERROR(IF(CH7=0,0,IF(DaB!DN7>0,DaB!DO7-DaB!DN7,0)),0) -> 0 | CH7: =IFERROR(IF(DaB!DP7>0,DaB!DP7-DaB!DO7+1,0),0) -> 0 | CI7: =IFERROR(IF(CH7=0,0,IF(DaB!DR7>0,DaB!DR7-DaB!DQ7+1,0)),0) -> 0 | CJ7: =IFERROR(IF(CH7=0,0,IF(DaB!DS7>0,DaB!DS7-MAX(DaB!DP7:DR7),0)),0) -> 0 | CK7: =IFERROR(IF(CM7=0,0,MIN(DaB!$DU7:$DV7)-SUM($C7:CJ7)),0) -> 0 | CL7: =IFERROR(IF(CM7=0,0,IF(DaB!DU7>0,DaB!DV7-DaB!DU7,0)),0) -> 0 | CM7: =IFERROR(IF(DaB!DW7>0,DaB!DW7-DaB!DV7+1,0),0) -> 0 | CN7: =IFERROR(IF(CM7=0,0,IF(DaB!DY7>0,DaB!DY7-DaB!DX7+1,0)),0) -> 0 | CO7: =IFERROR(IF(CM7=0,0,IF(DaB!DZ7>0,DaB!DZ7-MAX(DaB!DW7:DY7),0)),0) -> 0 | CP7: =IFERROR(IF(CR7=0,0,MIN(DaB!$EB7:$EC7)-SUM($C7:CO7)),0) -> 0 | CQ7: =IFERROR(IF(CR7=0,0,IF(DaB!EB7>0,DaB!EC7-DaB!EB7,0)),0) -> 0 | CR7: =IFERROR(IF(DaB!ED7>0,DaB!ED7-DaB!EC7+1,0),0) -> 0 | CS7: =IFERROR(IF(CR7=0,0,IF(DaB!EF7>0,DaB!EF7-DaB!EE7+1,0)),0) -> 0 | CT7: =IFERROR(IF(CR7=0,0,IF(DaB!EG7>0,DaB!EG7-MAX(DaB!ED7:EF7),0)),0) -> 0 | CU7: =IFERROR(IF(CW7=0,0,MIN(DaB!$EI7:$EJ7)-SUM($C7:CT7)),0) -> 0 | CV7: =IFERROR(IF(CW7=0,0,IF(DaB!EI7>0,DaB!EJ7-DaB!EI7,0)),0) -> 0 | CW7: =IFERROR(IF(DaB!EK7>0,DaB!EK7-DaB!EJ7+1,0),0) -> 0 | CX7: =IFERROR(IF(CW7=0,0,IF(DaB!EM7>0,DaB!EM7-DaB!EL7+1,0)),0) -> 0 | CY7: =IFERROR(IF(CW7=0,0,IF(DaB!EN7>0,DaB!EN7-MAX(DaB!EK7:EM7),0)),0) -> 0 | DF7: =C7 -> 45474 | DG7: =IF(MIN(DaB!EU7:EV7)=DF7,0, IF(MIN(DaB!EU7:EV7)>DF7,MIN(DaB!EU7:EV7)-DF5,0)) -> #REF! | DH7: =IF(ISNUMBER(DaB!EV7),DaB!EV7-SUM(DF7:DG7),"") | DI7: =IF(OR(DaB!EV7=0,DaB!EV7=""),"",$DF$1) -> #REF! | DK7: 0 | DL7: 0 | DM7: =IF(OR(DaB!EZ7=0,DaB!EZ7=""),"",IFERROR(DaB!EZ7-DaB!EV7,0)) -> #REF! | DN7: =(DaB!FC7)-(MAX(DaB!EU7:EW7)) -> #REF! | DO7: =IF(OR(DaB!FB7=0,DaB!FB7=""),"",DaB!FC7-SUM(DF7:DN7)) -> #REF! | DP7: =IF(OR(DaB!FC7=0,DaB!FC7=""),"",$DF$1) -> #REF! | DQ7: 0 | DR7: 0 | DS7: 0 | DT7: =IFERROR(DaB!FG7-SUM(DF7:DS7),0) -> 0
A8: =DaB!A8 -> #REF! | B8: =B7 -> . | C8: =$B$1 -> 45474 | D8: =IFERROR(MIN(DaB!F8:K8)-C8,0) -> 0 | E8: =IFERROR(IF(F8=0,0,IF(DaB!F8>0,DaB!G8-DaB!F8,0)),0) -> 0 | F8: =IFERROR(IF(DaB!G8>0,DaB!H8-DaB!G8+1,0),0) -> 0 | G8: =IFERROR(IF(F8=0,0,IF(DaB!J8>0,DaB!J8-DaB!I8+1,0)),0) -> 0 | H8: =IFERROR(IF(F8=0,0,IF(DaB!K8>0,DaB!K8-MAX(DaB!H8:J8),0)),0) -> 0 | I8: =IFERROR(IF(K8=0,0,MIN(DaB!$M8:$N8)-SUM($C8:H8)),0) -> 0 | J8: =IFERROR(IF(K8=0,0,IF(DaB!M8>0,DaB!N8-DaB!M8,0)),0) -> 0 | K8: =IFERROR(IF(DaB!O8>0,DaB!O8-DaB!N8+1,0),0) -> 0 | L8: =IFERROR(IF(K8=0,0,IF(DaB!Q8>0,DaB!Q8-DaB!P8+1,0)),0) -> 0 | M8: =IFERROR(IF(K8=0,0,IF(DaB!R8>0,DaB!R8-MAX(DaB!O8:Q8),0)),0) -> 0 | N8: =IFERROR(IF(P8=0,0,MIN(DaB!$T8:$U8)-SUM($C8:M8)),0) -> 0 | O8: =IFERROR(IF(P8=0,0,IF(DaB!T8>0,DaB!U8-DaB!T8,0)),0) -> 0 | P8: =IFERROR(IF(DaB!V8>0,DaB!V8-DaB!U8+1,0),0) -> 0 | Q8: =IFERROR(IF(P8=0,0,IF(DaB!X8>0,DaB!X8-DaB!W8+1,0)),0) -> 0 | R8: =IFERROR(IF(P8=0,0,IF(DaB!Y8>0,DaB!Y8-MAX(DaB!V8:X8),0)),0) -> 0 | S8: =IFERROR(IF(U8=0,0,MIN(DaB!$AA8:$AB8)-SUM($C8:R8)),0) -> 0 | T8: =IFERROR(IF(U8=0,0,IF(DaB!AA8>0,DaB!AB8-DaB!AA8,0)),0) -> 0 | U8: =IFERROR(IF(DaB!AC8>0,DaB!AC8-DaB!AB8+1,0),0) -> 0 | V8: =IFERROR(IF(U8=0,0,IF(DaB!AE8>0,DaB!AE8-DaB!AD8+1,0)),0) -> 0 | W8: =IFERROR(IF(U8=0,0,IF(DaB!AF8>0,DaB!AF8-MAX(DaB!AC8:AE8),0)),0) -> 0 | X8: =IFERROR(IF(Z8=0,0,MIN(DaB!$AH8:$AI8)-SUM($C8:W8)),0) -> 0 | Y8: =IFERROR(IF(Z8=0,0,IF(DaB!AH8>0,DaB!AI8-DaB!AH8,0)),0) -> 0 | Z8: =IFERROR(IF(DaB!AJ8>0,DaB!AJ8-DaB!AI8+1,0),0) -> 0 | AA8: =IFERROR(IF(Z8=0,0,IF(DaB!AL8>0,DaB!AL8-DaB!AK8+1,0)),0) -> 0 | AB8: =IFERROR(IF(Z8=0,0,IF(DaB!AM8>0,DaB!AM8-MAX(DaB!AJ8:AL8),0)),0) -> 0 | AC8: =IFERROR(IF(AE8=0,0,MIN(DaB!$AO8:$AP8)-SUM($C8:AB8)),0) -> 0 | AD8: =IFERROR(IF(AE8=0,0,IF(DaB!AO8>0,DaB!AP8-DaB!AO8,0)),0) -> 0 | AE8: =IFERROR(IF(DaB!AQ8>0,DaB!AQ8-DaB!AP8+1,0),0) -> 0 | AF8: =IFERROR(IF(AE8=0,0,IF(DaB!AS8>0,DaB!AS8-DaB!AR8+1,0)),0) -> 0 | AG8: =IFERROR(IF(AE8=0,0,IF(DaB!AT8>0,DaB!AT8-MAX(DaB!AQ8:AS8),0)),0) -> 0 | AH8: =IFERROR(IF(AJ8=0,0,MIN(DaB!$AV8:$AW8)-SUM($C8:AG8)),0) -> 0 | AI8: =IFERROR(IF(AJ8=0,0,IF(DaB!AV8>0,DaB!AW8-DaB!AV8,0)),0) -> 0 | AJ8: =IFERROR(IF(DaB!AX8>0,DaB!AX8-DaB!AW8+1,0),0) -> 0 | AK8: =IFERROR(IF(AJ8=0,0,IF(DaB!AZ8>0,DaB!AZ8-DaB!AY8+1,0)),0) -> 0 | AL8: =IFERROR(IF(AJ8=0,0,IF(DaB!BA8>0,DaB!BA8-MAX(DaB!AX8:AZ8),0)),0) -> 0 | AM8: =IFERROR(IF(AO8=0,0,MIN(DaB!$BC8:$BD8)-SUM($C8:AL8)),0) -> 0 | AN8: =IFERROR(IF(AO8=0,0,IF(DaB!BC8>0,DaB!BD8-DaB!BC8,0)),0) -> 0 | AO8: =IFERROR(IF(DaB!BE8>0,DaB!BE8-DaB!BD8+1,0),0) -> 0 | AP8: =IFERROR(IF(AO8=0,0,IF(DaB!BG8>0,DaB!BG8-DaB!BF8+1,0)),0) -> 0 | AQ8: =IFERROR(IF(AO8=0,0,IF(DaB!BH8>0,DaB!BH8-MAX(DaB!BE8:BG8),0)),0) -> 0 | AR8: =IFERROR(IF(AT8=0,0,MIN(DaB!$BJ8:$BK8)-SUM($C8:AQ8)),0) -> 0 | AS8: =IFERROR(IF(AT8=0,0,IF(DaB!BJ8>0,DaB!BK8-DaB!BJ8,0)),0) -> 0 | AT8: =IFERROR(IF(DaB!BL8>0,DaB!BL8-DaB!BK8+1,0),0) -> 0 | AU8: =IFERROR(IF(AT8=0,0,IF(DaB!BN8>0,DaB!BN8-DaB!BM8+1,0)),0) -> 0 | AV8: =IFERROR(IF(AT8=0,0,IF(DaB!BO8>0,DaB!BO8-MAX(DaB!BL8:BN8),0)),0) -> 0 | AW8: =IFERROR(IF(AY8=0,0,MIN(DaB!$BQ8:$BR8)-SUM($C8:AV8)),0) -> 0 | AX8: =IFERROR(IF(AY8=0,0,IF(DaB!BQ8>0,DaB!BR8-DaB!BQ8,0)),0) -> 0 | AY8: =IFERROR(IF(DaB!BS8>0,DaB!BS8-DaB!BR8+1,0),0) -> 0 | AZ8: =IFERROR(IF(AY8=0,0,IF(DaB!BU8>0,DaB!BU8-DaB!BT8+1,0)),0) -> 0 | BA8: =IFERROR(IF(AY8=0,0,IF(DaB!BV8>0,DaB!BV8-MAX(DaB!BS8:BU8),0)),0) -> 0 | BB8: =IFERROR(IF(BD8=0,0,MIN(DaB!$BX8:$BY8)-SUM($C8:BA8)),0) -> 0 | BC8: =IFERROR(IF(BD8=0,0,IF(DaB!BX8>0,DaB!BY8-DaB!BX8,0)),0) -> 0 | BD8: =IFERROR(IF(DaB!BZ8>0,DaB!BZ8-DaB!BY8+1,0),0) -> 0 | BE8: =IFERROR(IF(BD8=0,0,IF(DaB!CB8>0,DaB!CB8-DaB!CA8+1,0)),0) -> 0 | BF8: =IFERROR(IF(BD8=0,0,IF(DaB!CC8>0,DaB!CC8-MAX(DaB!BZ8:CB8),0)),0) -> 0 | BG8: =IFERROR(IF(BI8=0,0,MIN(DaB!$CE8:$CF8)-SUM($C8:BF8)),0) -> 0 | BH8: =IFERROR(IF(BI8=0,0,IF(DaB!CE8>0,DaB!CF8-DaB!CE8,0)),0) -> 0 | BI8: =IFERROR(IF(DaB!CG8>0,DaB!CG8-DaB!CF8+1,0),0) -> 0 | BJ8: =IFERROR(IF(BI8=0,0,IF(DaB!CI8>0,DaB!CI8-DaB!CH8+1,0)),0) -> 0 | BK8: =IFERROR(IF(BI8=0,0,IF(DaB!CJ8>0,DaB!CJ8-MAX(DaB!CG8:CI8),0)),0) -> 0 | BL8: =IFERROR(IF(BN8=0,0,MIN(DaB!$CL8:$CM8)-SUM($C8:BK8)),0) -> 0 | BM8: =IFERROR(IF(BN8=0,0,IF(DaB!CL8>0,DaB!CM8-DaB!CL8,0)),0) -> 0 | BN8: =IFERROR(IF(DaB!CN8>0,DaB!CN8-DaB!CM8+1,0),0) -> 0 | BO8: =IFERROR(IF(BN8=0,0,IF(DaB!CP8>0,DaB!CP8-DaB!CO8+1,0)),0) -> 0 | BP8: =IFERROR(IF(BN8=0,0,IF(DaB!CQ8>0,DaB!CQ8-MAX(DaB!CN8:CP8),0)),0) -> 0 | BQ8: =IFERROR(IF(BS8=0,0,MIN(DaB!$CS8:$CT8)-SUM($C8:BP8)),0) -> 0 | BR8: =IFERROR(IF(BS8=0,0,IF(DaB!CS8>0,DaB!CT8-DaB!CS8,0)),0) -> 0 | BS8: =IFERROR(IF(DaB!CU8>0,DaB!CU8-DaB!CT8+1,0),0) -> 0 | BT8: =IFERROR(IF(BS8=0,0,IF(DaB!CW8>0,DaB!CW8-DaB!CV8+1,0)),0) -> 0 | BU8: =IFERROR(IF(BS8=0,0,IF(DaB!CX8>0,DaB!CX8-MAX(DaB!CU8:CW8),0)),0) -> 0 | BV8: =IFERROR(IF(BX8=0,0,MIN(DaB!$CZ8:$DA8)-SUM($C8:BU8)),0) -> 0 | BW8: =IFERROR(IF(BX8=0,0,IF(DaB!CZ8>0,DaB!DA8-DaB!CZ8,0)),0) -> 0 | BX8: =IFERROR(IF(DaB!DB8>0,DaB!DB8-DaB!DA8+1,0),0) -> 0 | BY8: =IFERROR(IF(BX8=0,0,IF(DaB!DD8>0,DaB!DD8-DaB!DC8+1,0)),0) -> 0 | BZ8: =IFERROR(IF(BX8=0,0,IF(DaB!DE8>0,DaB!DE8-MAX(DaB!DB8:DD8),0)),0) -> 0 | CA8: =IFERROR(IF(CC8=0,0,MIN(DaB!$DG8:$DH8)-SUM($C8:BZ8)),0) -> 0 | CB8: =IFERROR(IF(CC8=0,0,IF(DaB!DG8>0,DaB!DH8-DaB!DG8,0)),0) -> 0 | CC8: =IFERROR(IF(DaB!DI8>0,DaB!DI8-DaB!DH8+1,0),0) -> 0 | CD8: =IFERROR(IF(CC8=0,0,IF(DaB!DK8>0,DaB!DK8-DaB!DJ8+1,0)),0) -> 0 | CE8: =IFERROR(IF(CC8=0,0,IF(DaB!DL8>0,DaB!DL8-MAX(DaB!DI8:DK8),0)),0) -> 0 | CF8: =IFERROR(IF(CH8=0,0,MIN(DaB!$DN8:$DO8)-SUM($C8:CE8)),0) -> 0 | CG8: =IFERROR(IF(CH8=0,0,IF(DaB!DN8>0,DaB!DO8-DaB!DN8,0)),0) -> 0 | CH8: =IFERROR(IF(DaB!DP8>0,DaB!DP8-DaB!DO8+1,0),0) -> 0 | CI8: =IFERROR(IF(CH8=0,0,IF(DaB!DR8>0,DaB!DR8-DaB!DQ8+1,0)),0) -> 0 | CJ8: =IFERROR(IF(CH8=0,0,IF(DaB!DS8>0,DaB!DS8-MAX(DaB!DP8:DR8),0)),0) -> 0 | CK8: =IFERROR(IF(CM8=0,0,MIN(DaB!$DU8:$DV8)-SUM($C8:CJ8)),0) -> 0 | CL8: =IFERROR(IF(CM8=0,0,IF(DaB!DU8>0,DaB!DV8-DaB!DU8,0)),0) -> 0 | CM8: =IFERROR(IF(DaB!DW8>0,DaB!DW8-DaB!DV8+1,0),0) -> 0 | CN8: =IFERROR(IF(CM8=0,0,IF(DaB!DY8>0,DaB!DY8-DaB!DX8+1,0)),0) -> 0 | CO8: =IFERROR(IF(CM8=0,0,IF(DaB!DZ8>0,DaB!DZ8-MAX(DaB!DW8:DY8),0)),0) -> 0 | CP8: =IFERROR(IF(CR8=0,0,MIN(DaB!$EB8:$EC8)-SUM($C8:CO8)),0) -> 0 | CQ8: =IFERROR(IF(CR8=0,0,IF(DaB!EB8>0,DaB!EC8-DaB!EB8,0)),0) -> 0 | CR8: =IFERROR(IF(DaB!ED8>0,DaB!ED8-DaB!EC8+1,0),0) -> 0 | CS8: =IFERROR(IF(CR8=0,0,IF(DaB!EF8>0,DaB!EF8-DaB!EE8+1,0)),0) -> 0 | CT8: =IFERROR(IF(CR8=0,0,IF(DaB!EG8>0,DaB!EG8-MAX(DaB!ED8:EF8),0)),0) -> 0 | CU8: =IFERROR(IF(CW8=0,0,MIN(DaB!$EI8:$EJ8)-SUM($C8:CT8)),0) -> 0 | CV8: =IFERROR(IF(CW8=0,0,IF(DaB!EI8>0,DaB!EJ8-DaB!EI8,0)),0) -> 0 | CW8: =IFERROR(IF(DaB!EK8>0,DaB!EK8-DaB!EJ8+1,0),0) -> 0 | CX8: =IFERROR(IF(CW8=0,0,IF(DaB!EM8>0,DaB!EM8-DaB!EL8+1,0)),0) -> 0 | CY8: =IFERROR(IF(CW8=0,0,IF(DaB!EN8>0,DaB!EN8-MAX(DaB!EK8:EM8),0)),0) -> 0 | DF8: =C8 -> 45474 | DG8: =IF(MIN(DaB!EU8:EV8)=DF8,0, IF(MIN(DaB!EU8:EV8)>DF8,MIN(DaB!EU8:EV8)-DF8,0)) -> #REF! | DH8: =IF(ISNUMBER(DaB!EV8),DaB!EV8-SUM(DF8:DG8),"") | DI8: =IF(OR(DaB!EV8=0,DaB!EV8=""),"",$DF$1) -> #REF! | DK8: 0 | DL8: 0 | DM8: =IF(OR(DaB!EZ8=0,DaB!EZ8=""),"",IFERROR(DaB!EZ8-DaB!EV8,0)) -> #REF! | DN8: =(DaB!FC8)-(MAX(DaB!EU8:EW8)) -> #REF! | DO8: =IF(OR(DaB!FB8=0,DaB!FB8=""),"",DaB!FC8-SUM(DF8:DN8)) -> #REF! | DP8: =IF(OR(DaB!FC8=0,DaB!FC8=""),"",$DF$1) -> #REF! | DQ8: 0 | DR8: 0 | DS8: 0 | DT8: =IFERROR(DaB!FG8-SUM(DF8:DS8),0) -> 0
A9: =DaB!A9 -> #REF! | B9: =B8 -> . | C9: =$B$1 -> 45474 | D9: =IFERROR(MIN(DaB!F9:K9)-C9,0) -> 0 | E9: =IFERROR(IF(F9=0,0,IF(DaB!F9>0,DaB!G9-DaB!F9,0)),0) -> 0 | F9: =IFERROR(IF(DaB!G9>0,DaB!H9-DaB!G9+1,0),0) -> 0 | G9: =IFERROR(IF(F9=0,0,IF(DaB!J9>0,DaB!J9-DaB!I9+1,0)),0) -> 0 | H9: =IFERROR(IF(F9=0,0,IF(DaB!K9>0,DaB!K9-MAX(DaB!H9:J9),0)),0) -> 0 | I9: =IFERROR(IF(K9=0,0,MIN(DaB!$M9:$N9)-SUM($C9:H9)),0) -> 0 | J9: =IFERROR(IF(K9=0,0,IF(DaB!M9>0,DaB!N9-DaB!M9,0)),0) -> 0 | K9: =IFERROR(IF(DaB!O9>0,DaB!O9-DaB!N9+1,0),0) -> 0 | L9: =IFERROR(IF(K9=0,0,IF(DaB!Q9>0,DaB!Q9-DaB!P9+1,0)),0) -> 0 | M9: =IFERROR(IF(K9=0,0,IF(DaB!R9>0,DaB!R9-MAX(DaB!O9:Q9),0)),0) -> 0 | N9: =IFERROR(IF(P9=0,0,MIN(DaB!$T9:$U9)-SUM($C9:M9)),0) -> 0 | O9: =IFERROR(IF(P9=0,0,IF(DaB!T9>0,DaB!U9-DaB!T9,0)),0) -> 0 | P9: =IFERROR(IF(DaB!V9>0,DaB!V9-DaB!U9+1,0),0) -> 0 | Q9: =IFERROR(IF(P9=0,0,IF(DaB!X9>0,DaB!X9-DaB!W9+1,0)),0) -> 0 | R9: =IFERROR(IF(P9=0,0,IF(DaB!Y9>0,DaB!Y9-MAX(DaB!V9:X9),0)),0) -> 0 | S9: =IFERROR(IF(U9=0,0,MIN(DaB!$AA9:$AB9)-SUM($C9:R9)),0) -> 0 | T9: =IFERROR(IF(U9=0,0,IF(DaB!AA9>0,DaB!AB9-DaB!AA9,0)),0) -> 0 | U9: =IFERROR(IF(DaB!AC9>0,DaB!AC9-DaB!AB9+1,0),0) -> 0 | V9: =IFERROR(IF(U9=0,0,IF(DaB!AE9>0,DaB!AE9-DaB!AD9+1,0)),0) -> 0 | W9: =IFERROR(IF(U9=0,0,IF(DaB!AF9>0,DaB!AF9-MAX(DaB!AC9:AE9),0)),0) -> 0 | X9: =IFERROR(IF(Z9=0,0,MIN(DaB!$AH9:$AI9)-SUM($C9:W9)),0) -> 0 | Y9: =IFERROR(IF(Z9=0,0,IF(DaB!AH9>0,DaB!AI9-DaB!AH9,0)),0) -> 0 | Z9: =IFERROR(IF(DaB!AJ9>0,DaB!AJ9-DaB!AI9+1,0),0) -> 0 | AA9: =IFERROR(IF(Z9=0,0,IF(DaB!AL9>0,DaB!AL9-DaB!AK9+1,0)),0) -> 0 | AB9: =IFERROR(IF(Z9=0,0,IF(DaB!AM9>0,DaB!AM9-MAX(DaB!AJ9:AL9),0)),0) -> 0 | AC9: =IFERROR(IF(AE9=0,0,MIN(DaB!$AO9:$AP9)-SUM($C9:AB9)),0) -> 0 | AD9: =IFERROR(IF(AE9=0,0,IF(DaB!AO9>0,DaB!AP9-DaB!AO9,0)),0) -> 0 | AE9: =IFERROR(IF(DaB!AQ9>0,DaB!AQ9-DaB!AP9+1,0),0) -> 0 | AF9: =IFERROR(IF(AE9=0,0,IF(DaB!AS9>0,DaB!AS9-DaB!AR9+1,0)),0) -> 0 | AG9: =IFERROR(IF(AE9=0,0,IF(DaB!AT9>0,DaB!AT9-MAX(DaB!AQ9:AS9),0)),0) -> 0 | AH9: =IFERROR(IF(AJ9=0,0,MIN(DaB!$AV9:$AW9)-SUM($C9:AG9)),0) -> 0 | AI9: =IFERROR(IF(AJ9=0,0,IF(DaB!AV9>0,DaB!AW9-DaB!AV9,0)),0) -> 0 | AJ9: =IFERROR(IF(DaB!AX9>0,DaB!AX9-DaB!AW9+1,0),0) -> 0 | AK9: =IFERROR(IF(AJ9=0,0,IF(DaB!AZ9>0,DaB!AZ9-DaB!AY9+1,0)),0) -> 0 | AL9: =IFERROR(IF(AJ9=0,0,IF(DaB!BA9>0,DaB!BA9-MAX(DaB!AX9:AZ9),0)),0) -> 0 | AM9: =IFERROR(IF(AO9=0,0,MIN(DaB!$BC9:$BD9)-SUM($C9:AL9)),0) -> 0 | AN9: =IFERROR(IF(AO9=0,0,IF(DaB!BC9>0,DaB!BD9-DaB!BC9,0)),0) -> 0 | AO9: =IFERROR(IF(DaB!BE9>0,DaB!BE9-DaB!BD9+1,0),0) -> 0 | AP9: =IFERROR(IF(AO9=0,0,IF(DaB!BG9>0,DaB!BG9-DaB!BF9+1,0)),0) -> 0 | AQ9: =IFERROR(IF(AO9=0,0,IF(DaB!BH9>0,DaB!BH9-MAX(DaB!BE9:BG9),0)),0) -> 0 | AR9: =IFERROR(IF(AT9=0,0,MIN(DaB!$BJ9:$BK9)-SUM($C9:AQ9)),0) -> 0 | AS9: =IFERROR(IF(AT9=0,0,IF(DaB!BJ9>0,DaB!BK9-DaB!BJ9,0)),0) -> 0 | AT9: =IFERROR(IF(DaB!BL9>0,DaB!BL9-DaB!BK9+1,0),0) -> 0 | AU9: =IFERROR(IF(AT9=0,0,IF(DaB!BN9>0,DaB!BN9-DaB!BM9+1,0)),0) -> 0 | AV9: =IFERROR(IF(AT9=0,0,IF(DaB!BO9>0,DaB!BO9-MAX(DaB!BL9:BN9),0)),0) -> 0 | AW9: =IFERROR(IF(AY9=0,0,MIN(DaB!$BQ9:$BR9)-SUM($C9:AV9)),0) -> 0 | AX9: =IFERROR(IF(AY9=0,0,IF(DaB!BQ9>0,DaB!BR9-DaB!BQ9,0)),0) -> 0 | AY9: =IFERROR(IF(DaB!BS9>0,DaB!BS9-DaB!BR9+1,0),0) -> 0 | AZ9: =IFERROR(IF(AY9=0,0,IF(DaB!BU9>0,DaB!BU9-DaB!BT9+1,0)),0) -> 0 | BA9: =IFERROR(IF(AY9=0,0,IF(DaB!BV9>0,DaB!BV9-MAX(DaB!BS9:BU9),0)),0) -> 0 | BB9: =IFERROR(IF(BD9=0,0,MIN(DaB!$BX9:$BY9)-SUM($C9:BA9)),0) -> 0 | BC9: =IFERROR(IF(BD9=0,0,IF(DaB!BX9>0,DaB!BY9-DaB!BX9,0)),0) -> 0 | BD9: =IFERROR(IF(DaB!BZ9>0,DaB!BZ9-DaB!BY9+1,0),0) -> 0 | BE9: =IFERROR(IF(BD9=0,0,IF(DaB!CB9>0,DaB!CB9-DaB!CA9+1,0)),0) -> 0 | BF9: =IFERROR(IF(BD9=0,0,IF(DaB!CC9>0,DaB!CC9-MAX(DaB!BZ9:CB9),0)),0) -> 0 | BG9: =IFERROR(IF(BI9=0,0,MIN(DaB!$CE9:$CF9)-SUM($C9:BF9)),0) -> 0 | BH9: =IFERROR(IF(BI9=0,0,IF(DaB!CE9>0,DaB!CF9-DaB!CE9,0)),0) -> 0 | BI9: =IFERROR(IF(DaB!CG9>0,DaB!CG9-DaB!CF9+1,0),0) -> 0 | BJ9: =IFERROR(IF(BI9=0,0,IF(DaB!CI9>0,DaB!CI9-DaB!CH9+1,0)),0) -> 0 | BK9: =IFERROR(IF(BI9=0,0,IF(DaB!CJ9>0,DaB!CJ9-MAX(DaB!CG9:CI9),0)),0) -> 0 | BL9: =IFERROR(IF(BN9=0,0,MIN(DaB!$CL9:$CM9)-SUM($C9:BK9)),0) -> 0 | BM9: =IFERROR(IF(BN9=0,0,IF(DaB!CL9>0,DaB!CM9-DaB!CL9,0)),0) -> 0 | BN9: =IFERROR(IF(DaB!CN9>0,DaB!CN9-DaB!CM9+1,0),0) -> 0 | BO9: =IFERROR(IF(BN9=0,0,IF(DaB!CP9>0,DaB!CP9-DaB!CO9+1,0)),0) -> 0 | BP9: =IFERROR(IF(BN9=0,0,IF(DaB!CQ9>0,DaB!CQ9-MAX(DaB!CN9:CP9),0)),0) -> 0 | BQ9: =IFERROR(IF(BS9=0,0,MIN(DaB!$CS9:$CT9)-SUM($C9:BP9)),0) -> 0 | BR9: =IFERROR(IF(BS9=0,0,IF(DaB!CS9>0,DaB!CT9-DaB!CS9,0)),0) -> 0 | BS9: =IFERROR(IF(DaB!CU9>0,DaB!CU9-DaB!CT9+1,0),0) -> 0 | BT9: =IFERROR(IF(BS9=0,0,IF(DaB!CW9>0,DaB!CW9-DaB!CV9+1,0)),0) -> 0 | BU9: =IFERROR(IF(BS9=0,0,IF(DaB!CX9>0,DaB!CX9-MAX(DaB!CU9:CW9),0)),0) -> 0 | BV9: =IFERROR(IF(BX9=0,0,MIN(DaB!$CZ9:$DA9)-SUM($C9:BU9)),0) -> 0 | BW9: =IFERROR(IF(BX9=0,0,IF(DaB!CZ9>0,DaB!DA9-DaB!CZ9,0)),0) -> 0 | BX9: =IFERROR(IF(DaB!DB9>0,DaB!DB9-DaB!DA9+1,0),0) -> 0 | BY9: =IFERROR(IF(BX9=0,0,IF(DaB!DD9>0,DaB!DD9-DaB!DC9+1,0)),0) -> 0 | BZ9: =IFERROR(IF(BX9=0,0,IF(DaB!DE9>0,DaB!DE9-MAX(DaB!DB9:DD9),0)),0) -> 0 | CA9: =IFERROR(IF(CC9=0,0,MIN(DaB!$DG9:$DH9)-SUM($C9:BZ9)),0) -> 0 | CB9: =IFERROR(IF(CC9=0,0,IF(DaB!DG9>0,DaB!DH9-DaB!DG9,0)),0) -> 0 | CC9: =IFERROR(IF(DaB!DI9>0,DaB!DI9-DaB!DH9+1,0),0) -> 0 | CD9: =IFERROR(IF(CC9=0,0,IF(DaB!DK9>0,DaB!DK9-DaB!DJ9+1,0)),0) -> 0 | CE9: =IFERROR(IF(CC9=0,0,IF(DaB!DL9>0,DaB!DL9-MAX(DaB!DI9:DK9),0)),0) -> 0 | CF9: =IFERROR(IF(CH9=0,0,MIN(DaB!$DN9:$DO9)-SUM($C9:CE9)),0) -> 0 | CG9: =IFERROR(IF(CH9=0,0,IF(DaB!DN9>0,DaB!DO9-DaB!DN9,0)),0) -> 0 | CH9: =IFERROR(IF(DaB!DP9>0,DaB!DP9-DaB!DO9+1,0),0) -> 0 | CI9: =IFERROR(IF(CH9=0,0,IF(DaB!DR9>0,DaB!DR9-DaB!DQ9+1,0)),0) -> 0 | CJ9: =IFERROR(IF(CH9=0,0,IF(DaB!DS9>0,DaB!DS9-MAX(DaB!DP9:DR9),0)),0) -> 0 | CK9: =IFERROR(IF(CM9=0,0,MIN(DaB!$DU9:$DV9)-SUM($C9:CJ9)),0) -> 0 | CL9: =IFERROR(IF(CM9=0,0,IF(DaB!DU9>0,DaB!DV9-DaB!DU9,0)),0) -> 0 | CM9: =IFERROR(IF(DaB!DW9>0,DaB!DW9-DaB!DV9+1,0),0) -> 0 | CN9: =IFERROR(IF(CM9=0,0,IF(DaB!DY9>0,DaB!DY9-DaB!DX9+1,0)),0) -> 0 | CO9: =IFERROR(IF(CM9=0,0,IF(DaB!DZ9>0,DaB!DZ9-MAX(DaB!DW9:DY9),0)),0) -> 0 | CP9: =IFERROR(IF(CR9=0,0,MIN(DaB!$EB9:$EC9)-SUM($C9:CO9)),0) -> 0 | CQ9: =IFERROR(IF(CR9=0,0,IF(DaB!EB9>0,DaB!EC9-DaB!EB9,0)),0) -> 0 | CR9: =IFERROR(IF(DaB!ED9>0,DaB!ED9-DaB!EC9+1,0),0) -> 0 | CS9: =IFERROR(IF(CR9=0,0,IF(DaB!EF9>0,DaB!EF9-DaB!EE9+1,0)),0) -> 0 | CT9: =IFERROR(IF(CR9=0,0,IF(DaB!EG9>0,DaB!EG9-MAX(DaB!ED9:EF9),0)),0) -> 0 | CU9: =IFERROR(IF(CW9=0,0,MIN(DaB!$EI9:$EJ9)-SUM($C9:CT9)),0) -> 0 | CV9: =IFERROR(IF(CW9=0,0,IF(DaB!EI9>0,DaB!EJ9-DaB!EI9,0)),0) -> 0 | CW9: =IFERROR(IF(DaB!EK9>0,DaB!EK9-DaB!EJ9+1,0),0) -> 0 | CX9: =IFERROR(IF(CW9=0,0,IF(DaB!EM9>0,DaB!EM9-DaB!EL9+1,0)),0) -> 0 | CY9: =IFERROR(IF(CW9=0,0,IF(DaB!EN9>0,DaB!EN9-MAX(DaB!EK9:EM9),0)),0) -> 0 | DF9: =C9 -> 45474 | DG9: =IF(MIN(DaB!EU9:EV9)=DF9,0, IF(MIN(DaB!EU9:EV9)>DF9,MIN(DaB!EU9:EV9)-DF9,0)) -> #REF! | DH9: =IF(ISNUMBER(DaB!EV9),DaB!EV9-SUM(DF9:DG9),"") | DI9: =IF(OR(DaB!EV9=0,DaB!EV9=""),"",$DF$1) -> #REF! | DK9: 0 | DL9: 0 | DM9: =IF(OR(DaB!EZ9=0,DaB!EZ9=""),"",IFERROR(DaB!EZ9-DaB!EV9,0)) -> #REF! | DN9: =(DaB!FC9)-(MAX(DaB!EU9:EW9)) -> #REF! | DO9: =IF(OR(DaB!FB9=0,DaB!FB9=""),"",DaB!FC9-SUM(DF9:DN9)) -> #REF! | DP9: =IF(OR(DaB!FC9=0,DaB!FC9=""),"",$DF$1) -> #REF! | DQ9: 0 | DR9: 0 | DS9: 0 | DT9: =IFERROR(DaB!FG9-SUM(DF9:DS9),0) -> 0
A10: =DaB!A10 -> #REF! | B10: =B9 -> . | C10: =$B$1 -> 45474 | D10: =IFERROR(MIN(DaB!F10:K10)-C10,0) -> 0 | E10: =IFERROR(IF(F10=0,0,IF(DaB!F10>0,DaB!G10-DaB!F10,0)),0) -> 0 | F10: =IFERROR(IF(DaB!G10>0,DaB!H10-DaB!G10+1,0),0) -> 0 | G10: =IFERROR(IF(F10=0,0,IF(DaB!J10>0,DaB!J10-DaB!I10+1,0)),0) -> 0 | H10: =IFERROR(IF(F10=0,0,IF(DaB!K10>0,DaB!K10-MAX(DaB!H10:J10),0)),0) -> 0 | I10: =IFERROR(IF(K10=0,0,MIN(DaB!$M10:$N10)-SUM($C10:H10)),0) -> 0 | J10: =IFERROR(IF(K10=0,0,IF(DaB!M10>0,DaB!N10-DaB!M10,0)),0) -> 0 | K10: =IFERROR(IF(DaB!O10>0,DaB!O10-DaB!N10+1,0),0) -> 0 | L10: =IFERROR(IF(K10=0,0,IF(DaB!Q10>0,DaB!Q10-DaB!P10+1,0)),0) -> 0 | M10: =IFERROR(IF(K10=0,0,IF(DaB!R10>0,DaB!R10-MAX(DaB!O10:Q10),0)),0) -> 0 | N10: =IFERROR(IF(P10=0,0,MIN(DaB!$T10:$U10)-SUM($C10:M10)),0) -> 0 | O10: =IFERROR(IF(P10=0,0,IF(DaB!T10>0,DaB!U10-DaB!T10,0)),0) -> 0 | P10: =IFERROR(IF(DaB!V10>0,DaB!V10-DaB!U10+1,0),0) -> 0 | Q10: =IFERROR(IF(P10=0,0,IF(DaB!X10>0,DaB!X10-DaB!W10+1,0)),0) -> 0 | R10: =IFERROR(IF(P10=0,0,IF(DaB!Y10>0,DaB!Y10-MAX(DaB!V10:X10),0)),0) -> 0 | S10: =IFERROR(IF(U10=0,0,MIN(DaB!$AA10:$AB10)-SUM($C10:R10)),0) -> 0 | T10: =IFERROR(IF(U10=0,0,IF(DaB!AA10>0,DaB!AB10-DaB!AA10,0)),0) -> 0 | U10: =IFERROR(IF(DaB!AC10>0,DaB!AC10-DaB!AB10+1,0),0) -> 0 | V10: =IFERROR(IF(U10=0,0,IF(DaB!AE10>0,DaB!AE10-DaB!AD10+1,0)),0) -> 0 | W10: =IFERROR(IF(U10=0,0,IF(DaB!AF10>0,DaB!AF10-MAX(DaB!AC10:AE10),0)),0) -> 0 | X10: =IFERROR(IF(Z10=0,0,MIN(DaB!$AH10:$AI10)-SUM($C10:W10)),0) -> 0 | Y10: =IFERROR(IF(Z10=0,0,IF(DaB!AH10>0,DaB!AI10-DaB!AH10,0)),0) -> 0 | Z10: =IFERROR(IF(DaB!AJ10>0,DaB!AJ10-DaB!AI10+1,0),0) -> 0 | AA10: =IFERROR(IF(Z10=0,0,IF(DaB!AL10>0,DaB!AL10-DaB!AK10+1,0)),0) -> 0 | AB10: =IFERROR(IF(Z10=0,0,IF(DaB!AM10>0,DaB!AM10-MAX(DaB!AJ10:AL10),0)),0) -> 0 | AC10: =IFERROR(IF(AE10=0,0,MIN(DaB!$AO10:$AP10)-SUM($C10:AB10)),0) -> 0 | AD10: =IFERROR(IF(AE10=0,0,IF(DaB!AO10>0,DaB!AP10-DaB!AO10,0)),0) -> 0 | AE10: =IFERROR(IF(DaB!AQ10>0,DaB!AQ10-DaB!AP10+1,0),0) -> 0 | AF10: =IFERROR(IF(AE10=0,0,IF(DaB!AS10>0,DaB!AS10-DaB!AR10+1,0)),0) -> 0 | AG10: =IFERROR(IF(AE10=0,0,IF(DaB!AT10>0,DaB!AT10-MAX(DaB!AQ10:AS10),0)),0) -> 0 | AH10: =IFERROR(IF(AJ10=0,0,MIN(DaB!$AV10:$AW10)-SUM($C10:AG10)),0) -> 0 | AI10: =IFERROR(IF(AJ10=0,0,IF(DaB!AV10>0,DaB!AW10-DaB!AV10,0)),0) -> 0 | AJ10: =IFERROR(IF(DaB!AX10>0,DaB!AX10-DaB!AW10+1,0),0) -> 0 | AK10: =IFERROR(IF(AJ10=0,0,IF(DaB!AZ10>0,DaB!AZ10-DaB!AY10+1,0)),0) -> 0 | AL10: =IFERROR(IF(AJ10=0,0,IF(DaB!BA10>0,DaB!BA10-MAX(DaB!AX10:AZ10),0)),0) -> 0 | AM10: =IFERROR(IF(AO10=0,0,MIN(DaB!$BC10:$BD10)-SUM($C10:AL10)),0) -> 0 | AN10: =IFERROR(IF(AO10=0,0,IF(DaB!BC10>0,DaB!BD10-DaB!BC10,0)),0) -> 0 | AO10: =IFERROR(IF(DaB!BE10>0,DaB!BE10-DaB!BD10+1,0),0) -> 0 | AP10: =IFERROR(IF(AO10=0,0,IF(DaB!BG10>0,DaB!BG10-DaB!BF10+1,0)),0) -> 0 | AQ10: =IFERROR(IF(AO10=0,0,IF(DaB!BH10>0,DaB!BH10-MAX(DaB!BE10:BG10),0)),0) -> 0 | AR10: =IFERROR(IF(AT10=0,0,MIN(DaB!$BJ10:$BK10)-SUM($C10:AQ10)),0) -> 0 | AS10: =IFERROR(IF(AT10=0,0,IF(DaB!BJ10>0,DaB!BK10-DaB!BJ10,0)),0) -> 0 | AT10: =IFERROR(IF(DaB!BL10>0,DaB!BL10-DaB!BK10+1,0),0) -> 0 | AU10: =IFERROR(IF(AT10=0,0,IF(DaB!BN10>0,DaB!BN10-DaB!BM10+1,0)),0) -> 0 | AV10: =IFERROR(IF(AT10=0,0,IF(DaB!BO10>0,DaB!BO10-MAX(DaB!BL10:BN10),0)),0) -> 0 | AW10: =IFERROR(IF(AY10=0,0,MIN(DaB!$BQ10:$BR10)-SUM($C10:AV10)),0) -> 0 | AX10: =IFERROR(IF(AY10=0,0,IF(DaB!BQ10>0,DaB!BR10-DaB!BQ10,0)),0) -> 0 | AY10: =IFERROR(IF(DaB!BS10>0,DaB!BS10-DaB!BR10+1,0),0) -> 0 | AZ10: =IFERROR(IF(AY10=0,0,IF(DaB!BU10>0,DaB!BU10-DaB!BT10+1,0)),0) -> 0 | BA10: =IFERROR(IF(AY10=0,0,IF(DaB!BV10>0,DaB!BV10-MAX(DaB!BS10:BU10),0)),0) -> 0 | BB10: =IFERROR(IF(BD10=0,0,MIN(DaB!$BX10:$BY10)-SUM($C10:BA10)),0) -> 0 | BC10: =IFERROR(IF(BD10=0,0,IF(DaB!BX10>0,DaB!BY10-DaB!BX10,0)),0) -> 0 | BD10: =IFERROR(IF(DaB!BZ10>0,DaB!BZ10-DaB!BY10+1,0),0) -> 0 | BE10: =IFERROR(IF(BD10=0,0,IF(DaB!CB10>0,DaB!CB10-DaB!CA10+1,0)),0) -> 0 | BF10: =IFERROR(IF(BD10=0,0,IF(DaB!CC10>0,DaB!CC10-MAX(DaB!BZ10:CB10),0)),0) -> 0 | BG10: =IFERROR(IF(BI10=0,0,MIN(DaB!$CE10:$CF10)-SUM($C10:BF10)),0) -> 0 | BH10: =IFERROR(IF(BI10=0,0,IF(DaB!CE10>0,DaB!CF10-DaB!CE10,0)),0) -> 0 | BI10: =IFERROR(IF(DaB!CG10>0,DaB!CG10-DaB!CF10+1,0),0) -> 0 | BJ10: =IFERROR(IF(BI10=0,0,IF(DaB!CI10>0,DaB!CI10-DaB!CH10+1,0)),0) -> 0 | BK10: =IFERROR(IF(BI10=0,0,IF(DaB!CJ10>0,DaB!CJ10-MAX(DaB!CG10:CI10),0)),0) -> 0 | BL10: =IFERROR(IF(BN10=0,0,MIN(DaB!$CL10:$CM10)-SUM($C10:BK10)),0) -> 0 | BM10: =IFERROR(IF(BN10=0,0,IF(DaB!CL10>0,DaB!CM10-DaB!CL10,0)),0) -> 0 | BN10: =IFERROR(IF(DaB!CN10>0,DaB!CN10-DaB!CM10+1,0),0) -> 0 | BO10: =IFERROR(IF(BN10=0,0,IF(DaB!CP10>0,DaB!CP10-DaB!CO10+1,0)),0) -> 0 | BP10: =IFERROR(IF(BN10=0,0,IF(DaB!CQ10>0,DaB!CQ10-MAX(DaB!CN10:CP10),0)),0) -> 0 | BQ10: =IFERROR(IF(BS10=0,0,MIN(DaB!$CS10:$CT10)-SUM($C10:BP10)),0) -> 0 | BR10: =IFERROR(IF(BS10=0,0,IF(DaB!CS10>0,DaB!CT10-DaB!CS10,0)),0) -> 0 | BS10: =IFERROR(IF(DaB!CU10>0,DaB!CU10-DaB!CT10+1,0),0) -> 0 | BT10: =IFERROR(IF(BS10=0,0,IF(DaB!CW10>0,DaB!CW10-DaB!CV10+1,0)),0) -> 0 | BU10: =IFERROR(IF(BS10=0,0,IF(DaB!CX10>0,DaB!CX10-MAX(DaB!CU10:CW10),0)),0) -> 0 | BV10: =IFERROR(IF(BX10=0,0,MIN(DaB!$CZ10:$DA10)-SUM($C10:BU10)),0) -> 0 | BW10: =IFERROR(IF(BX10=0,0,IF(DaB!CZ10>0,DaB!DA10-DaB!CZ10,0)),0) -> 0 | BX10: =IFERROR(IF(DaB!DB10>0,DaB!DB10-DaB!DA10+1,0),0) -> 0 | BY10: =IFERROR(IF(BX10=0,0,IF(DaB!DD10>0,DaB!DD10-DaB!DC10+1,0)),0) -> 0 | BZ10: =IFERROR(IF(BX10=0,0,IF(DaB!DE10>0,DaB!DE10-MAX(DaB!DB10:DD10),0)),0) -> 0 | CA10: =IFERROR(IF(CC10=0,0,MIN(DaB!$DG10:$DH10)-SUM($C10:BZ10)),0) -> 0 | CB10: =IFERROR(IF(CC10=0,0,IF(DaB!DG10>0,DaB!DH10-DaB!DG10,0)),0) -> 0 | CC10: =IFERROR(IF(DaB!DI10>0,DaB!DI10-DaB!DH10+1,0),0) -> 0 | CD10: =IFERROR(IF(CC10=0,0,IF(DaB!DK10>0,DaB!DK10-DaB!DJ10+1,0)),0) -> 0 | CE10: =IFERROR(IF(CC10=0,0,IF(DaB!DL10>0,DaB!DL10-MAX(DaB!DI10:DK10),0)),0) -> 0 | CF10: =IFERROR(IF(CH10=0,0,MIN(DaB!$DN10:$DO10)-SUM($C10:CE10)),0) -> 0 | CG10: =IFERROR(IF(CH10=0,0,IF(DaB!DN10>0,DaB!DO10-DaB!DN10,0)),0) -> 0 | CH10: =IFERROR(IF(DaB!DP10>0,DaB!DP10-DaB!DO10+1,0),0) -> 0 | CI10: =IFERROR(IF(CH10=0,0,IF(DaB!DR10>0,DaB!DR10-DaB!DQ10+1,0)),0) -> 0 | CJ10: =IFERROR(IF(CH10=0,0,IF(DaB!DS10>0,DaB!DS10-MAX(DaB!DP10:DR10),0)),0) -> 0 | CK10: =IFERROR(IF(CM10=0,0,MIN(DaB!$DU10:$DV10)-SUM($C10:CJ10)),0) -> 0 | CL10: =IFERROR(IF(CM10=0,0,IF(DaB!DU10>0,DaB!DV10-DaB!DU10,0)),0) -> 0 | CM10: =IFERROR(IF(DaB!DW10>0,DaB!DW10-DaB!DV10+1,0),0) -> 0 | CN10: =IFERROR(IF(CM10=0,0,IF(DaB!DY10>0,DaB!DY10-DaB!DX10+1,0)),0) -> 0 | CO10: =IFERROR(IF(CM10=0,0,IF(DaB!DZ10>0,DaB!DZ10-MAX(DaB!DW10:DY10),0)),0) -> 0 | CP10: =IFERROR(IF(CR10=0,0,MIN(DaB!$EB10:$EC10)-SUM($C10:CO10)),0) -> 0 | CQ10: =IFERROR(IF(CR10=0,0,IF(DaB!EB10>0,DaB!EC10-DaB!EB10,0)),0) -> 0 | CR10: =IFERROR(IF(DaB!ED10>0,DaB!ED10-DaB!EC10+1,0),0) -> 0 | CS10: =IFERROR(IF(CR10=0,0,IF(DaB!EF10>0,DaB!EF10-DaB!EE10+1,0)),0) -> 0 | CT10: =IFERROR(IF(CR10=0,0,IF(DaB!EG10>0,DaB!EG10-MAX(DaB!ED10:EF10),0)),0) -> 0 | CU10: =IFERROR(IF(CW10=0,0,MIN(DaB!$EI10:$EJ10)-SUM($C10:CT10)),0) -> 0 | CV10: =IFERROR(IF(CW10=0,0,IF(DaB!EI10>0,DaB!EJ10-DaB!EI10,0)),0) -> 0 | CW10: =IFERROR(IF(DaB!EK10>0,DaB!EK10-DaB!EJ10+1,0),0) -> 0 | CX10: =IFERROR(IF(CW10=0,0,IF(DaB!EM10>0,DaB!EM10-DaB!EL10+1,0)),0) -> 0 | CY10: =IFERROR(IF(CW10=0,0,IF(DaB!EN10>0,DaB!EN10-MAX(DaB!EK10:EM10),0)),0) -> 0 | DF10: =C10 -> 45474 | DG10: =IF(MIN(DaB!EU10:EV10)=DF10,0, IF(MIN(DaB!EU10:EV10)>DF10,MIN(DaB!EU10:EV10)-DF9,0)) -> #REF! | DH10: =IF(ISNUMBER(DaB!EV10),DaB!EV10-SUM(DF10:DG10),"") | DI10: =IF(OR(DaB!EV10=0,DaB!EV10=""),"",$DF$1) -> #REF! | DK10: 0 | DL10: 0 | DM10: =IF(OR(DaB!EZ10=0,DaB!EZ10=""),"",IFERROR(DaB!EZ10-DaB!EV10,0)) -> #REF! | DN10: =(DaB!FC10)-(MAX(DaB!EU10:EW10)) -> #REF! | DO10: =IF(OR(DaB!FB10=0,DaB!FB10=""),"",DaB!FC10-SUM(DF10:DN10)) -> #REF! | DP10: =IF(OR(DaB!FC10=0,DaB!FC10=""),"",$DF$1) -> #REF! | DQ10: 0 | DR10: 0 | DS10: 0 | DT10: =IFERROR(DaB!FG10-SUM(DF10:DS10),0) -> 0
A11: =DaB!A11 -> #REF! | B11: =B10 -> . | C11: =$B$1 -> 45474 | D11: =IFERROR(MIN(DaB!F11:K11)-C11,0) -> 0 | E11: =IFERROR(IF(F11=0,0,IF(DaB!F11>0,DaB!G11-DaB!F11,0)),0) -> 0 | F11: =IFERROR(IF(DaB!G11>0,DaB!H11-DaB!G11+1,0),0) -> 0 | G11: =IFERROR(IF(F11=0,0,IF(DaB!J11>0,DaB!J11-DaB!I11+1,0)),0) -> 0 | H11: =IFERROR(IF(F11=0,0,IF(DaB!K11>0,DaB!K11-MAX(DaB!H11:J11),0)),0) -> 0 | I11: =IFERROR(IF(K11=0,0,MIN(DaB!$M11:$N11)-SUM($C11:H11)),0) -> 0 | J11: =IFERROR(IF(K11=0,0,IF(DaB!M11>0,DaB!N11-DaB!M11,0)),0) -> 0 | K11: =IFERROR(IF(DaB!O11>0,DaB!O11-DaB!N11+1,0),0) -> 0 | L11: =IFERROR(IF(K11=0,0,IF(DaB!Q11>0,DaB!Q11-DaB!P11+1,0)),0) -> 0 | M11: =IFERROR(IF(K11=0,0,IF(DaB!R11>0,DaB!R11-MAX(DaB!O11:Q11),0)),0) -> 0 | N11: =IFERROR(IF(P11=0,0,MIN(DaB!$T11:$U11)-SUM($C11:M11)),0) -> 0 | O11: =IFERROR(IF(P11=0,0,IF(DaB!T11>0,DaB!U11-DaB!T11,0)),0) -> 0 | P11: =IFERROR(IF(DaB!V11>0,DaB!V11-DaB!U11+1,0),0) -> 0 | Q11: =IFERROR(IF(P11=0,0,IF(DaB!X11>0,DaB!X11-DaB!W11+1,0)),0) -> 0 | R11: =IFERROR(IF(P11=0,0,IF(DaB!Y11>0,DaB!Y11-MAX(DaB!V11:X11),0)),0) -> 0 | S11: =IFERROR(IF(U11=0,0,MIN(DaB!$AA11:$AB11)-SUM($C11:R11)),0) -> 0 | T11: =IFERROR(IF(U11=0,0,IF(DaB!AA11>0,DaB!AB11-DaB!AA11,0)),0) -> 0 | U11: =IFERROR(IF(DaB!AC11>0,DaB!AC11-DaB!AB11+1,0),0) -> 0 | V11: =IFERROR(IF(U11=0,0,IF(DaB!AE11>0,DaB!AE11-DaB!AD11+1,0)),0) -> 0 | W11: =IFERROR(IF(U11=0,0,IF(DaB!AF11>0,DaB!AF11-MAX(DaB!AC11:AE11),0)),0) -> 0 | X11: =IFERROR(IF(Z11=0,0,MIN(DaB!$AH11:$AI11)-SUM($C11:W11)),0) -> 0 | Y11: =IFERROR(IF(Z11=0,0,IF(DaB!AH11>0,DaB!AI11-DaB!AH11,0)),0) -> 0 | Z11: =IFERROR(IF(DaB!AJ11>0,DaB!AJ11-DaB!AI11+1,0),0) -> 0 | AA11: =IFERROR(IF(Z11=0,0,IF(DaB!AL11>0,DaB!AL11-DaB!AK11+1,0)),0) -> 0 | AB11: =IFERROR(IF(Z11=0,0,IF(DaB!AM11>0,DaB!AM11-MAX(DaB!AJ11:AL11),0)),0) -> 0 | AC11: =IFERROR(IF(AE11=0,0,MIN(DaB!$AO11:$AP11)-SUM($C11:AB11)),0) -> 0 | AD11: =IFERROR(IF(AE11=0,0,IF(DaB!AO11>0,DaB!AP11-DaB!AO11,0)),0) -> 0 | AE11: =IFERROR(IF(DaB!AQ11>0,DaB!AQ11-DaB!AP11+1,0),0) -> 0 | AF11: =IFERROR(IF(AE11=0,0,IF(DaB!AS11>0,DaB!AS11-DaB!AR11+1,0)),0) -> 0 | AG11: =IFERROR(IF(AE11=0,0,IF(DaB!AT11>0,DaB!AT11-MAX(DaB!AQ11:AS11),0)),0) -> 0 | AH11: =IFERROR(IF(AJ11=0,0,MIN(DaB!$AV11:$AW11)-SUM($C11:AG11)),0) -> 0 | AI11: =IFERROR(IF(AJ11=0,0,IF(DaB!AV11>0,DaB!AW11-DaB!AV11,0)),0) -> 0 | AJ11: =IFERROR(IF(DaB!AX11>0,DaB!AX11-DaB!AW11+1,0),0) -> 0 | AK11: =IFERROR(IF(AJ11=0,0,IF(DaB!AZ11>0,DaB!AZ11-DaB!AY11+1,0)),0) -> 0 | AL11: =IFERROR(IF(AJ11=0,0,IF(DaB!BA11>0,DaB!BA11-MAX(DaB!AX11:AZ11),0)),0) -> 0 | AM11: =IFERROR(IF(AO11=0,0,MIN(DaB!$BC11:$BD11)-SUM($C11:AL11)),0) -> 0 | AN11: =IFERROR(IF(AO11=0,0,IF(DaB!BC11>0,DaB!BD11-DaB!BC11,0)),0) -> 0 | AO11: =IFERROR(IF(DaB!BE11>0,DaB!BE11-DaB!BD11+1,0),0) -> 0 | AP11: =IFERROR(IF(AO11=0,0,IF(DaB!BG11>0,DaB!BG11-DaB!BF11+1,0)),0) -> 0 | AQ11: =IFERROR(IF(AO11=0,0,IF(DaB!BH11>0,DaB!BH11-MAX(DaB!BE11:BG11),0)),0) -> 0 | AR11: =IFERROR(IF(AT11=0,0,MIN(DaB!$BJ11:$BK11)-SUM($C11:AQ11)),0) -> 0 | AS11: =IFERROR(IF(AT11=0,0,IF(DaB!BJ11>0,DaB!BK11-DaB!BJ11,0)),0) -> 0 | AT11: =IFERROR(IF(DaB!BL11>0,DaB!BL11-DaB!BK11+1,0),0) -> 0 | AU11: =IFERROR(IF(AT11=0,0,IF(DaB!BN11>0,DaB!BN11-DaB!BM11+1,0)),0) -> 0 | AV11: =IFERROR(IF(AT11=0,0,IF(DaB!BO11>0,DaB!BO11-MAX(DaB!BL11:BN11),0)),0) -> 0 | AW11: =IFERROR(IF(AY11=0,0,MIN(DaB!$BQ11:$BR11)-SUM($C11:AV11)),0) -> 0 | AX11: =IFERROR(IF(AY11=0,0,IF(DaB!BQ11>0,DaB!BR11-DaB!BQ11,0)),0) -> 0 | AY11: =IFERROR(IF(DaB!BS11>0,DaB!BS11-DaB!BR11+1,0),0) -> 0 | AZ11: =IFERROR(IF(AY11=0,0,IF(DaB!BU11>0,DaB!BU11-DaB!BT11+1,0)),0) -> 0 | BA11: =IFERROR(IF(AY11=0,0,IF(DaB!BV11>0,DaB!BV11-MAX(DaB!BS11:BU11),0)),0) -> 0 | BB11: =IFERROR(IF(BD11=0,0,MIN(DaB!$BX11:$BY11)-SUM($C11:BA11)),0) -> 0 | BC11: =IFERROR(IF(BD11=0,0,IF(DaB!BX11>0,DaB!BY11-DaB!BX11,0)),0) -> 0 | BD11: =IFERROR(IF(DaB!BZ11>0,DaB!BZ11-DaB!BY11+1,0),0) -> 0 | BE11: =IFERROR(IF(BD11=0,0,IF(DaB!CB11>0,DaB!CB11-DaB!CA11+1,0)),0) -> 0 | BF11: =IFERROR(IF(BD11=0,0,IF(DaB!CC11>0,DaB!CC11-MAX(DaB!BZ11:CB11),0)),0) -> 0 | BG11: =IFERROR(IF(BI11=0,0,MIN(DaB!$CE11:$CF11)-SUM($C11:BF11)),0) -> 0 | BH11: =IFERROR(IF(BI11=0,0,IF(DaB!CE11>0,DaB!CF11-DaB!CE11,0)),0) -> 0 | BI11: =IFERROR(IF(DaB!CG11>0,DaB!CG11-DaB!CF11+1,0),0) -> 0 | BJ11: =IFERROR(IF(BI11=0,0,IF(DaB!CI11>0,DaB!CI11-DaB!CH11+1,0)),0) -> 0 | BK11: =IFERROR(IF(BI11=0,0,IF(DaB!CJ11>0,DaB!CJ11-MAX(DaB!CG11:CI11),0)),0) -> 0 | BL11: =IFERROR(IF(BN11=0,0,MIN(DaB!$CL11:$CM11)-SUM($C11:BK11)),0) -> 0 | BM11: =IFERROR(IF(BN11=0,0,IF(DaB!CL11>0,DaB!CM11-DaB!CL11,0)),0) -> 0 | BN11: =IFERROR(IF(DaB!CN11>0,DaB!CN11-DaB!CM11+1,0),0) -> 0 | BO11: =IFERROR(IF(BN11=0,0,IF(DaB!CP11>0,DaB!CP11-DaB!CO11+1,0)),0) -> 0 | BP11: =IFERROR(IF(BN11=0,0,IF(DaB!CQ11>0,DaB!CQ11-MAX(DaB!CN11:CP11),0)),0) -> 0 | BQ11: =IFERROR(IF(BS11=0,0,MIN(DaB!$CS11:$CT11)-SUM($C11:BP11)),0) -> 0 | BR11: =IFERROR(IF(BS11=0,0,IF(DaB!CS11>0,DaB!CT11-DaB!CS11,0)),0) -> 0 | BS11: =IFERROR(IF(DaB!CU11>0,DaB!CU11-DaB!CT11+1,0),0) -> 0 | BT11: =IFERROR(IF(BS11=0,0,IF(DaB!CW11>0,DaB!CW11-DaB!CV11+1,0)),0) -> 0 | BU11: =IFERROR(IF(BS11=0,0,IF(DaB!CX11>0,DaB!CX11-MAX(DaB!CU11:CW11),0)),0) -> 0 | BV11: =IFERROR(IF(BX11=0,0,MIN(DaB!$CZ11:$DA11)-SUM($C11:BU11)),0) -> 0 | BW11: =IFERROR(IF(BX11=0,0,IF(DaB!CZ11>0,DaB!DA11-DaB!CZ11,0)),0) -> 0 | BX11: =IFERROR(IF(DaB!DB11>0,DaB!DB11-DaB!DA11+1,0),0) -> 0 | BY11: =IFERROR(IF(BX11=0,0,IF(DaB!DD11>0,DaB!DD11-DaB!DC11+1,0)),0) -> 0 | BZ11: =IFERROR(IF(BX11=0,0,IF(DaB!DE11>0,DaB!DE11-MAX(DaB!DB11:DD11),0)),0) -> 0 | CA11: =IFERROR(IF(CC11=0,0,MIN(DaB!$DG11:$DH11)-SUM($C11:BZ11)),0) -> 0 | CB11: =IFERROR(IF(CC11=0,0,IF(DaB!DG11>0,DaB!DH11-DaB!DG11,0)),0) -> 0 | CC11: =IFERROR(IF(DaB!DI11>0,DaB!DI11-DaB!DH11+1,0),0) -> 0 | CD11: =IFERROR(IF(CC11=0,0,IF(DaB!DK11>0,DaB!DK11-DaB!DJ11+1,0)),0) -> 0 | CE11: =IFERROR(IF(CC11=0,0,IF(DaB!DL11>0,DaB!DL11-MAX(DaB!DI11:DK11),0)),0) -> 0 | CF11: =IFERROR(IF(CH11=0,0,MIN(DaB!$DN11:$DO11)-SUM($C11:CE11)),0) -> 0 | CG11: =IFERROR(IF(CH11=0,0,IF(DaB!DN11>0,DaB!DO11-DaB!DN11,0)),0) -> 0 | CH11: =IFERROR(IF(DaB!DP11>0,DaB!DP11-DaB!DO11+1,0),0) -> 0 | CI11: =IFERROR(IF(CH11=0,0,IF(DaB!DR11>0,DaB!DR11-DaB!DQ11+1,0)),0) -> 0 | CJ11: =IFERROR(IF(CH11=0,0,IF(DaB!DS11>0,DaB!DS11-MAX(DaB!DP11:DR11),0)),0) -> 0 | CK11: =IFERROR(IF(CM11=0,0,MIN(DaB!$DU11:$DV11)-SUM($C11:CJ11)),0) -> 0 | CL11: =IFERROR(IF(CM11=0,0,IF(DaB!DU11>0,DaB!DV11-DaB!DU11,0)),0) -> 0 | CM11: =IFERROR(IF(DaB!DW11>0,DaB!DW11-DaB!DV11+1,0),0) -> 0 | CN11: =IFERROR(IF(CM11=0,0,IF(DaB!DY11>0,DaB!DY11-DaB!DX11+1,0)),0) -> 0 | CO11: =IFERROR(IF(CM11=0,0,IF(DaB!DZ11>0,DaB!DZ11-MAX(DaB!DW11:DY11),0)),0) -> 0 | CP11: =IFERROR(IF(CR11=0,0,MIN(DaB!$EB11:$EC11)-SUM($C11:CO11)),0) -> 0 | CQ11: =IFERROR(IF(CR11=0,0,IF(DaB!EB11>0,DaB!EC11-DaB!EB11,0)),0) -> 0 | CR11: =IFERROR(IF(DaB!ED11>0,DaB!ED11-DaB!EC11+1,0),0) -> 0 | CS11: =IFERROR(IF(CR11=0,0,IF(DaB!EF11>0,DaB!EF11-DaB!EE11+1,0)),0) -> 0 | CT11: =IFERROR(IF(CR11=0,0,IF(DaB!EG11>0,DaB!EG11-MAX(DaB!ED11:EF11),0)),0) -> 0 | CU11: =IFERROR(IF(CW11=0,0,MIN(DaB!$EI11:$EJ11)-SUM($C11:CT11)),0) -> 0 | CV11: =IFERROR(IF(CW11=0,0,IF(DaB!EI11>0,DaB!EJ11-DaB!EI11,0)),0) -> 0 | CW11: =IFERROR(IF(DaB!EK11>0,DaB!EK11-DaB!EJ11+1,0),0) -> 0 | CX11: =IFERROR(IF(CW11=0,0,IF(DaB!EM11>0,DaB!EM11-DaB!EL11+1,0)),0) -> 0 | CY11: =IFERROR(IF(CW11=0,0,IF(DaB!EN11>0,DaB!EN11-MAX(DaB!EK11:EM11),0)),0) -> 0 | DF11: =C11 -> 45474 | DG11: =IF(MIN(DaB!EU11:EV11)=DF11,0, IF(MIN(DaB!EU11:EV11)>DF11,MIN(DaB!EU11:EV11)-DF9,0)) -> #REF! | DH11: =IF(ISNUMBER(DaB!EV11),DaB!EV11-SUM(DF11:DG11),"") | DI11: =IF(OR(DaB!EV11=0,DaB!EV11=""),"",$DF$1) -> #REF! | DK11: 0 | DL11: 0 | DM11: =IF(OR(DaB!EZ11=0,DaB!EZ11=""),"",IFERROR(DaB!EZ11-DaB!EV11,0)) -> #REF! | DN11: =(DaB!FC11)-(MAX(DaB!EU11:EW11)) -> #REF! | DO11: =IF(OR(DaB!FB11=0,DaB!FB11=""),"",DaB!FC11-SUM(DF11:DN11)) -> #REF! | DP11: =IF(OR(DaB!FC11=0,DaB!FC11=""),"",$DF$1) -> #REF! | DQ11: 0 | DR11: 0 | DS11: 0 | DT11: =IFERROR(DaB!FG11-SUM(DF11:DS11),0) -> 0
